id_unidad,nombre_unidad,dependencia,tipo,zona,direccion,latitud,longitud,telefono_fijo,telefono_celular,distrito
1,VILLA ESPERANZA,FISCAL,EDUCACIÓN ALTERNATIVA,VILLA ESPERANZA,CALLE PASCOE Nro 777 ESQUINA AV. SUCRE,-16.49069977,-68.19514465,,,5.0
2,JAPON - AYACUCHO,FISCAL,EDUCACIÓN ALTERNATIVA,SAN LUIS II DE CHARAPAQUI,AV. LITORAL S/N SAN LUIS II CHARAPAQUI,-16.53228067,-68.20946276,,,3.0
3,REPUBLICA DE FRANCIA NOCHE,FISCAL,EDUCACIÓN ALTERNATIVA,URBANIZACION CUPILUPACA,CALLE RIO BERMEJO Nro.2034,-16.54957489,-68.19585294,,,2.0
4,ILLIMANI D,FISCAL,EDUCACIÓN ALTERNATIVA,URBANIZACION TARAPACA SECTOR D,AVENIDA RAUL PRADA S/N,-16.61829948,-68.19062805,,,8.0
5,CRUZ ANDINA,FISCAL,EDUCACIÓN ALTERNATIVA,BAUTISTA SAAVEDRA,AV. BAUSTISTA SAAVEDRA S/N KM. 7 CARRETERA A HUARI,-16.48600006,-68.23358154,,,14.0
6,BARTOLINA SISA 2,CONVENIO,PERMANENTE,SANTA ROSA,AVENIDA CÍVICA S/N ENTRE CALLES 4 Y 6,-16.5319271,-68.16180774,,,1.0
7,MARTIN CARDENAS HERMOSA E,FISCAL,EDUCACIÓN ALTERNATIVA,URBANIZACION VILLA ADELA,PLAN 88 S/N,-16.52280045,-68.20914459,,,3.0
8,EL ALTO,FISCAL,EDUCACIÓN ALTERNATIVA,URBANIZACION LAS RETAMAS JUNTHUMA,CALLE AROMA S/N,-16.61050034,-68.18054962,,,8.0
9,FAUSTO REYNAGA,FISCAL,EDUCACIÓN ALTERNATIVA,VILLA SAN ROQUE,KM. 12 EL ALTO CARRETERA HUARINA,-16.47570038,-68.26966858,,,7.0
10,SANTA ROSA,FISCAL,EDUCACIÓN ALTERNATIVA,URBANIZACION VILLA EXALTACION 2DA Y 3RA SECCION,AV. 6 DE JUNIO Nro 26,-16.53397101,-68.15672648,,,1.0
11,RETAMA,FISCAL,EDUCACIÓN ALTERNATIVA,URBANIZACION LAS RETAMAS I,CALLE 12 S/N,-16.56480026,-68.23686218,,,12.0
12,RADIO SAN GABRIEL B,CONVENIO,EDUCACIÓN ALTERNATIVA,COMUNIDAD CHARAPAQUI COLLPANI,VILLA ADELA PLAZA DE LA CRUZ Nº 100 AV. BOLIVIA,-16.5253363,-68.20139496,,,3.0
13,RADIO SAN GABRIEL,CONVENIO,EDUCACIÓN ALTERNATIVA,COMUNIDAD CHARAPAQUI COLLPANI,VILLA ADELA PLAZA DE LA CRUZ Nº 100 AV. BOLIVIA,-16.5253363,-68.20139496,,,3.0
14,MCAL. JOSE BALLIVIAN B,FISCAL,EDUCACIÓN ALTERNATIVA,BALLIVIAN,RENE VARGAS Y ALVAREZ PLATA Nro 200,-16.48970032,-68.17869568,,,6.0
15,RADIO SAN GABRIEL A,CONVENIO,PERMANENTE,COMUNIDAD CHARAPAQUI COLLPANI,VILLA ADELA PLAZA DE LA CRUZ Nº 100 AV. BOLIVIA,-16.5253363,-68.20139496,,,3.0
16,FRANZ TAMAYO,FISCAL,EDUCACIÓN ALTERNATIVA,RIO SECO VILLA FRANZ TAMAYO,CALLE ALBERTO WILDE Nro 900,-16.49920082,-68.21039581,,,4.0
17,PROF. JUAN RAMIRO QUISPE,FISCAL,EDUCACIÓN ALTERNATIVA,URBANIZACION VILLANDRANI,CALLE 26 DE ENERO ESQUINA 21 DE SEPTIEMBRE,-16.48579979,-68.28816223,,,7.0
18,PABLO ZARATE WILLKA II,FISCAL,EDUCACIÓN ALTERNATIVA,GERMAN BUSCH,CALLE RADIO CONDOR S/N,-16.46299934,-68.17411041,,,5.0
19,BOLIVIA NOCHE,FISCAL,EDUCACIÓN ALTERNATIVA,CIUDAD SATELITE,PLAN 361 CALLE 7 S/N,-16.52659988,-68.15415955,,,1.0
20,MARIA AUXILIADORA,CONVENIO,EDUCACIÓN ALTERNATIVA,VILLA ESPERANZA,AVENIDA SUCRE S/N,-16.48810005,-68.19358063,,,5.0
21,JUAN CAPRILES CIUDAD SATELITE,FISCAL,EDUCACIÓN ALTERNATIVA,CIUDAD SATELITE,AVENIDA DEL POLICIA S/N,-16.52680016,-68.15202332,,,1.0
22,JUAN LECHIN OQUENDO,FISCAL,EDUCACIÓN ALTERNATIVA,SENKATA 79,AV. ANCOHUMA ENTRE CONDORIRI S/N,-16.58740044,-68.19018555,,,8.0
23,REPUBLICA BOLIVARIANA DE VENEZUELA NOCHE,FISCAL,EDUCACIÓN ALTERNATIVA,VILLA DOLORES F,PLAZA 21 DE DICIEMBRE CALLE A - B S/N,-16.52659988,-68.18767548,,,3.0
24,SANTA RITA,CONVENIO,EDUCACIÓN ALTERNATIVA,ALTO LIMA,CALLE LITORAL N 4300,-16.48148664,-68.17594802,,,6.0
25,PAULO FREIRE,FISCAL,EDUCACIÓN ALTERNATIVA,PANORAMICA II,CALLE LUCIO PEREZ VELASCO S/N,-16.57850075,-68.18125153,,,8.0
26,JULIAN APAZA NOCHE,FISCAL,EDUCACIÓN ALTERNATIVA,VILLA JULIANA,AV. COCHABAMBA CALLE 10 Nro 80,-16.53289986,-68.19974518,,,3.0
27,12 DE OCTUBRE NOCHE,FISCAL,EDUCACIÓN ALTERNATIVA,12 DE OCTUBRE,AVENIDA RODOLFO PALENQUE SIN NUMERO,-16.51269913,-68.16326141,,,1.0
28,PACHA QAMASA,CONVENIO,PERMANENTE,VILLA ABAROA,ENTRE CALLE 143 ESQUINA CALLE 108 Nº 105,-16.52897483,-68.18474381,,,2.0
29,VENEZUELA C,FISCAL,EDUCACIÓN ALTERNATIVA,URBANIZACION FRANZ TAMAYO,CARRETERA LAJA PARADA 399,-16.50349998,-68.25315857,,,14.0
30,COREA,FISCAL,EDUCACIÓN ALTERNATIVA,TAHUANTINSUYO,AV.CHINCHASUYO Nº 100,-16.48375201,-68.22162955,,,5.0
31,DELIA GAMBARTE DE QUEZADA,FISCAL,EDUCACIÓN ALTERNATIVA,SANTIAGO II,ENTRE CALLES 5 Y 6 S/N,-16.54039955,-68.17948914,,,2.0
32,SAN MARTIN DE PORRES,CONVENIO,EDUCACIÓN ESPECIAL,HUAYNA POTOSI,AV. IMPERIAL,-16.47895651,-68.19150834,,,5.0
33,BARTOLINA SISA,FISCAL,EDUCACIÓN ESPECIAL,SAN LUIS TASA,CALLE TARIJA S/N,-16.52728543,-68.19542973,,,3.0
34,CEREFE,CONVENIO,EDUCACIÓN ESPECIAL,VILLA DOLORES,CALLE 6 Nro 50,-16.51040077,-68.1578064,,,1.0
35,SAN FRANCISCO DE ASIS,CONVENIO,EDUCACIÓN ESPECIAL,CUPILUPACA,CALLE RIO BERMEJO Nº 1064,-16.54910088,-68.19553375,,,2.0
36,MADRE ASCENSIÓN NICOL,CONVENIO,EDUCACIÓN ESPECIAL,16 DE JULIO,CALLE J. ARZABE N° 3468,-16.49324235,-68.18270533,,,6.0
37,SARTAWI,FISCAL,EDUCACIÓN ESPECIAL,URBANIZACION ALONZO DE MENDOZA,AV. ALONZO DE SAYA S/N,-16.61650085,-68.17596436,,,8.0
38,MURURATA,CONVENIO,EDUCACIÓN ESPECIAL,MURURATA,CALLE JOSE VICENTE CAMARGO Nro 1600,-16.54852577,-68.20953208,,,3.0
39,NOEL AGUIRRE LEDEZMA,FISCAL,EDUCACIÓN ESPECIAL,URBANIZACION COSMOS 79 U.V A,PASAJE S/N ENTRE CALLES AYMURI Y CHUTIVI,-16.52859169,-68.23239057,,,3.0
40,15 DE ABRIL - PROF. FLORA CHOQUE GUTIERREZ,FISCAL,EDUCACIÓN ESPECIAL,"URBANIZACION VILLA MERCEDES UNIDAD VECINAL ""E""",AVENIDA 1ERO. DE MAYO S/N,-16.5678997,-68.21192169,,,8.0
41,LUIS ESPINAL,CONVENIO,EDUCACIÓN ESPECIAL,BALLIVIAN,AVENIDA RENE VARGAS Nro 3207,-16.49030013,-68.17877321,,,6.0
42,VIRGEN NIÑA,CONVENIO,EDUCACIÓN ESPECIAL,LOS ANDES,CALLE BALBOA Nº 10,-16.49399948,-68.18782806,,,6.0
43,JULIAN APAZA TUPAC KATARI,FISCAL,EDUCACIÓN ESPECIAL,VILLA TAHUANTINSUYO,CALLE CHINCHASUYO S/N,-16.48478851,-68.21974395,,,5.0
44,SAN SEBASTIAN A,FISCAL,EDUCACIÓN REGULAR,URBANZIACION SAN SEBASTIAN SECTOR 2,AVENIDA 12 DE ENERO S/N,-16.59900093,-68.19333649,,71583869.0,8.0
45,TOPATER DON BOSCO A,CONVENIO,EDUCACIÓN REGULAR,VILLA MERCEDES,AV. GENARO SANJINEZ Nº 1650,-16.56408221,-68.19920375,,,8.0
46,BOLIVIANO COREA DEL SUR,FISCAL,EDUCACIÓN REGULAR,POMAMAYA UNIFICADA,CALLE 1RO DE MAYO Y CALLE 20 DE OCTUBRE,-16.47133849,-68.29452499,,,9.0
47,SAN MIGUEL,PRIVADA,EDUCACIÓN REGULAR,RIO SECO  ,RIO SECO AV. CUZCO Nº 2074,-16.49340057,-68.21572876,2861431.0,70575097.0,4.0
48,COPACABANA DEL SUR,FISCAL,EDUCACIÓN REGULAR,URBANIZACION COPACABANA SECTOR 1 Y 2,ENTRE AVENIDA ALAMOS Y AVENIDA COLQUIRI S/N,-16.51042702,-68.16486321,,,1.0
49,SANTIAGO I,FISCAL,EDUCACIÓN REGULAR,SANTIAGO I ,AVENIDA 2 S/N,-16.52459908,-68.16434479,,72559893.0,1.0
50,ESTADO PLURINACIONAL DE BOLIVIA,FISCAL,EDUCACIÓN REGULAR,MERCEDARIO SECTOR 5,CALLE IRIS ENTRE CALLE CAPITOLIO Y AV. COPAKAHUANA Y CALLE,-16.52708049,-68.24304229,,,4.0
51,CARLOS ARCE GONZALES,FISCAL,EDUCACIÓN REGULAR,URBANIZACION SAN ALBERTO,CALLE 4 y E,-16.47062643,-68.27877293,,,7.0
52,MONTE OLIVO,FISCAL,EDUCACIÓN REGULAR,URBANIZACIÓN MONTE OLIVO,ENTRE CALLE LOS PINOS Y PALMEIRAS,-16.45345552,-68.24611715,,,7.0
53,MERCEDES BELZU DE DORADO B,FISCAL,EDUCACIÓN REGULAR,BALLIVIAN,CALLE NISTHAUZ Y CARRASCO S/N,-16.49029922,-68.17681885,,73001130.0,6.0
54,MCAL. JOSE BALLIVIAN D,FISCAL,EDUCACIÓN REGULAR,BALLIVIAN,CALLE NISTHAUZ Y CARRASCO S/N,-16.49029922,-68.17681885,,71583440.0,6.0
55,MERCEDES BELZU DE DORADO A,FISCAL,EDUCACIÓN REGULAR,BALLIVIAN,CALLE NISTHAUZ Y CARRASCO S/N,-16.49029922,-68.17681885,,79137442.0,6.0
56,AIDA DEL PORTILLO DE MENDOZA,FISCAL,EDUCACIÓN REGULAR,BALLIVIAN,CALLE NISTHAUZ Y CARRASCO S/N,-16.49029922,-68.17681885,,71958669.0,6.0
57,MCAL. JOSE BALLIVIAN E,FISCAL,EDUCACIÓN REGULAR,BALLIVIAN,CALLE NISTHAUZ Y CARRASCO S/N,-16.49029922,-68.17681885,,71233077.0,6.0
58,EDUARDO AVAROA 1,FISCAL,EDUCACIÓN REGULAR,POMAYA,CARRETERA HUARINA,-16.49430084,-68.30317688,,72060019.0,9.0
59,VIRGEN DE URKUPIÑA,FISCAL,EDUCACIÓN REGULAR,URBANIZACION VIRGEN DE URKUPIÑA,CALLE ANTOFAGASTA S/N,-16.58636696,-68.17177265,,71592252.0,8.0
60,LUZ DE BELEN,FISCAL,EDUCACIÓN REGULAR,URBANIZACION VILLA BELEN,CALLE ANTONIO FIGUEROA S/N,-16.58370018,-68.23014832,,60118977.0,
61,PEDRO DOMINGO MURILLO B,FISCAL,EDUCACIÓN REGULAR,PEDRO DOMINGO MURILLO,CALLE ROSENDO GUTIERREZ S/N,-16.50709915,-68.20849609,,71262091.0,4.0
62,PEDRO DOMINGO MURILLO A,FISCAL,EDUCACIÓN REGULAR,PEDRO DOMINGO MURILLO,CALLE ROSENDO GUTIERREZ S/N,-16.50709915,-68.20849609,,77783137.0,4.0
63,SEÑOR DE LAGUNAS 2000,FISCAL,EDUCACIÓN REGULAR,SEÑOR DE LAGUNAS 2000,CALLE PILCOMAYO N° 1234,-16.49419393,-68.2661274,,,7.0
64,LUIS ESPINAL CAMPS FE Y ALEGRIA TARDE,CONVENIO,EDUCACIÓN REGULAR,ALTO VILLA VICTORIA,CALLE D S/N,-16.47960091,-68.16589355,2845379.0,70119962.0,6.0
65,LUIS ESPINAL CAMPS FE Y ALEGRIA MAÑANA,CONVENIO,EDUCACIÓN REGULAR,ALTO VILLA VICTORIA,CALLE D S/N,-16.47960091,-68.16589355,2845379.0,60600692.0,6.0
66,VIRGEN NIÑA - EPDB,CONVENIO,EDUCACIÓN REGULAR,LOS ANDES,CALLE BALBOA ESQUINA 21 DE NOVIEMBRE,-16.49399948,-68.18782806,,,6.0
67,DIVINO AMPARO,PRIVADA,EDUCACIÓN REGULAR,PAZ ZAMORA,AV. JULIO CESAR VALDEZ Nro 50,-16.53470039,-68.217659,2806980.0,79569635.0,3.0
68,PUERTO DE ROSARIO TARDE,FISCAL,EDUCACIÓN REGULAR,URBANIZACION NUEVOS HORIZONTES,AV. ILLIMANI S/N,-16.54439926,-68.1906662,,72562573.0,2.0
69,PUERTO DE ROSARIO MAÑANA,FISCAL,EDUCACIÓN REGULAR,URBANIZACION NUEVOS HORIZONTES,AV. ILLIMANI S/N,-16.54439926,-68.1906662,2853288.0,76292738.0,2.0
70,PUERTO DE ROSARIO NOCHE,FISCAL,EDUCACIÓN REGULAR,URBANIZACION NUEVOS HORIZONTES,AV. ILLIMANI S/N,-16.54439926,-68.1906662,,79652410.0,2.0
71,RODOLFO JOAQUIN ILLANES ALVARADO,FISCAL,EDUCACIÓN REGULAR,URBANIZACION HALLEY,CALLE 24 DE ABRIL S/N,-16.51492693,-68.28963159,,,11.0
72,MCAL. ANDRES DE SANTA CRUZ DE ALPACOMA,FISCAL,EDUCACIÓN REGULAR,TEJADA ALPACOMA,AVENIDA FRAY DIEGO DE OCAÑA,-16.5340004,-68.1496582,,71959251.0,1.0
73,BOLIVIANO ALEMAN FLORIDA B,FISCAL,EDUCACIÓN REGULAR,URBANIZACION LA FLORIDA SENKATA,CALLE 12 DE DICIEMBRE S/N,-16.58410072,-68.17504883,,65175694.0,8.0
74,BOLIVIANO ALEMAN FLORIDA A,FISCAL,EDUCACIÓN REGULAR,URBANIZACION LA FLORIDA SENKATA,CALLE 12 DE DICIEMBRE S/N,-16.58410072,-68.17504883,,77273252.0,8.0
75,ADRIAN CASTILLO NAVA B,FISCAL,EDUCACIÓN REGULAR,ALTO LIMA 3ERA. SECCION,AV. SAN SALVADOR S/N,-16.47939035,-68.18088591,2404718.0,,6.0
76,CESAR CHAVEZ TABORGA,FISCAL,EDUCACIÓN REGULAR,ALTO LIMA 3ERA. SECCION,AV. SAN SALVADOR S/N,-16.47939035,-68.18088591,2321972.0,71570308.0,6.0
77,GUALBERTO VILLARROEL B,FISCAL,EDUCACIÓN REGULAR,ALTO LIMA 3ERA. SECCION,AV. SAN SALVADOR S/N,-16.47939035,-68.18088591,,71933609.0,6.0
78,21 DE SEPTIEMBRE,FISCAL,EDUCACIÓN REGULAR,21 DE SEPTIEMBRE,"AVENIDA 6 Y CALLE G, S/N",-16.55846126,-68.24282169,,,12.0
79,VILLA VICTORIA B,FISCAL,EDUCACIÓN REGULAR,VILLA VICTORIA,GUSTAVO A. OTERO Y ALCIDES ARGUEDAS Nº1470,-16.54470062,-68.18078613,,76743947.0,2.0
80,VILLA VICTORIA A,FISCAL,EDUCACIÓN REGULAR,VILLA VICTORIA,GUSTAVO A. OTERO Y ALCIDES ARGUEDAS Nº1470,-16.54470062,-68.18078613,,71944653.0,2.0
81,BOLIVIA MAÑANA,FISCAL,EDUCACIÓN REGULAR,ROSAS PAMPA,AVENIDA 4 N° 29,-16.54150009,-68.17229462,,71961455.0,1.0
82,BOLIVIA TARDE,FISCAL,EDUCACIÓN REGULAR,ROSAS PAMPA,AVENIDA 4 N° 29,-16.54150009,-68.17229462,,77280650.0,1.0
83,ARMADA BOLIVIANA DEL NORTE,FISCAL,EDUCACIÓN REGULAR,16 DE AGOSTO,CALLE SN,-16.44069523,-68.23059082,,,13.0
84,AMOR DE DIOS,CONVENIO,EDUCACIÓN REGULAR,AMOR DE DIOS,CALLE PARANI SN,-16.53930092,-68.20781708,,76241806.0,3.0
85,CHIJINI CHICO II,FISCAL,EDUCACIÓN REGULAR,CHIJINI CHICO II,AV. GUALBERTO VILLARROEL S/N,-16.56433328,-68.2463783,,,12.0
86,INGLÉS DAZA CATHOLIC,PRIVADA,EDUCACIÓN REGULAR,"URBANIZACION COSMOS 79 U.V. ""G""",CALLE TOMARA N° 2015,-16.531925,-68.21484,2506767.0,60666636.0,3.0
87,ILLAMPU,FISCAL,EDUCACIÓN REGULAR,FLOR DE ILLAMPU 2,CALLE SAN JOSE ENTRE CALLE CHUMA Y AV. TOMAS BARON,-16.46390846,-68.19945574,,,14.0
88,ECOLOGICO 25 DE JULIO A,FISCAL,EDUCACIÓN REGULAR,25 DE JULIO,ENTRE CALLES CHICHALLAS Y SANTIAGO DE HUATA S/N,-16.5083582,-68.21787191,,75294150.0,4.0
89,DR. ANICETO ARCE A,FISCAL,EDUCACIÓN REGULAR,VILLA AROMA,CALLE PEATONAL S/N,-16.55340004,-68.18911743,,79697567.0,2.0
90,DR. ANICETO ARCE B,FISCAL,EDUCACIÓN REGULAR,VILLA AROMA,CALLE PEATONAL S/N,-16.55340004,-68.18911743,,75805437.0,2.0
91,NUEVA ESPERANZA SANTUARIO SEÑOR DE LAGUNAS,FISCAL,EDUCACIÓN REGULAR,URBANIZACION SANTUARIO SEÑOR DE LAGUNAS,"Dirección
AV. GUALBERTO VILLARROEL ENTRE CALLE FEDERICO SUAZO Y PRIMAVERA",-16.49020754,-68.25962036,,79581127.0,7.0
92,NUEVA MIRAFLORES,FISCAL,EDUCACIÓN REGULAR,URBANIZACION MIRAFLORES - CAMINO A COPACABANA,AV. HEROES DE OCTUBRE CALLE 5 S/N,-16.46753505,-68.25619786,,60144434.0,7.0
93,17 DE OCTUBRE,FISCAL,EDUCACIÓN REGULAR,URBANIZACION VILLANDRANI B,CALLE 26 DE ENERO S/N,-16.49052646,-68.27942042,,,7.0
94,NUESTRA SEÑORA DE LA PAZ,FISCAL,EDUCACIÓN REGULAR,URBANIZACION NUEVA PALESTINA,CALLE LAS RETAMAS S/N ENTRE CALLES LOS SAUCES Y LOS PINOS,-16.47523088,-68.2863432,,74075403.0,7.0
95,EL PROGRESO A,FISCAL,EDUCACIÓN REGULAR,EL PROGRESO,CALLE CH S/N,-16.47800064,-68.25292969,,76216190.0,7.0
96,EL PROGRESO B,FISCAL,EDUCACIÓN REGULAR,EL PROGRESO,CALLE CH S/N,-16.47800064,-68.25292969,,76280077.0,7.0
97,SAN JUAN BAUTISTA DE LA SALLE,PRIVADA,EDUCACIÓN REGULAR,CALUYO,AVENIDA 9 Nº 2,-16.5340004,-68.19335938,2832024.0,71998549.0,3.0
98,REPUBLICA BOLIVARIANA DE VENEZUELA A,FISCAL,EDUCACIÓN REGULAR,URB. UNIFICADA 27 DE SEPTIEMBRE,CALLE TOMAS BARRON S/N,-16.60499954,-68.18149567,,70698017.0,8.0
99,REPUBLICA BOLIVARIANA DE VENEZUELA B,FISCAL,EDUCACIÓN REGULAR,URB. UNIFICADA 27 DE SEPTIEMBRE,CALLE TOMAS BARRON S/N,-16.60499954,-68.18149567,,,8.0
100,SAN JOSE FE Y ALEGRIA A,CONVENIO,EDUCACIÓN REGULAR,ALTO LIMA 2DA. SECCION,CALLES SAN SALVADOR Y MANCO KAPAC Nro 100,-16.48119926,-68.17618561,2846825.0,71997467.0,6.0
101,SAN JOSE FE Y ALEGRIA B,CONVENIO,EDUCACIÓN REGULAR,ALTO LIMA 2DA. SECCION,CALLES SAN SALVADOR Y MANCO KAPAC Nro 100,-16.48119926,-68.17618561,2846825.0,71997467.0,6.0
102,SAN JOSE FE Y ALEGRIA,CONVENIO,EDUCACIÓN REGULAR,ALTO LIMA 2DA. SECCION,CALLES SAN SALVADOR Y MANCO KAPAC Nro 100,-16.48119926,-68.17618561,2846825.0,76215812.0,6.0
103,UN MUNDO DE ARCOIRIS,PRIVADA,EDUCACIÓN REGULAR,URBANIZACION 16 DE JULIO,AVENIDA JUAN PABLO II,-16.50059533,-68.1708312,,,6.0
104,MODELO SUR,FISCAL,EDUCACIÓN REGULAR,URBANIZACION MODELO VENTILLA,CALLE ORURO Nº 5000,-16.623437,-68.180836,,76721997.0,8.0
105,EUFRASIO IBAÑEZ RIVERO,FISCAL,EDUCACIÓN REGULAR,CIUDAD SATELITE,PLAN 97 CALLE DANIEL BRACAMONTE S/N,-16.52090073,-68.15344238,2819638.0,76527990.0,1.0
106,COLORADOS DE BOLIVIA,FISCAL,EDUCACIÓN REGULAR,CIUDAD SATELITE,PLAN 97 CALLE DANIEL BRACAMONTE S/N,-16.52090073,-68.15344238,2812521.0,,1.0
107,RAUL SALMON DE LA BARRA,FISCAL,EDUCACIÓN REGULAR,RIO SECO VILLA FRANZ TAMAYO,CALLE ALBERTO WILDE Nro 900,-16.49920082,-68.21039581,,72006133.0,4.0
108,BICENTENARIO LIBERTADOR SIMON BOLIVAR,FISCAL,EDUCACIÓN REGULAR,RIO SECO VILLA FRANZ TAMAYO,CALLE ALBERTO WILDE Nro 900,-16.49920082,-68.21039581,,68105992.0,4.0
109,NESTOR PAZ ZAMORA MAÑANA,FISCAL,EDUCACIÓN REGULAR,URB. KISWARAS,MANZANO 2 D Nro 377,-16.54319954,-68.23262024,,,3.0
110,NESTOR PAZ ZAMORA TARDE,FISCAL,EDUCACIÓN REGULAR,URB. KISWARAS,MANZANO 2 D Nro 377,-16.54319954,-68.23262024,,,3.0
111,CHIJINI ALTO,FISCAL,EDUCACIÓN REGULAR,CHIJINI ALTO,AV. UNION Nº 2220,-16.56795542,-68.22672574,,,12.0
112,PABLO NERUDA,FISCAL,EDUCACIÓN REGULAR,URBANIZACION COSMOS 79 U.V A,PASAJE S/N ENTRE CALLES AYMURI Y CHUTIVI,-16.52859169,-68.23239057,,,3.0
113,NAZARENO BASIL MILLER,PRIVADA,EDUCACIÓN REGULAR,BALLIVIAN,CALLE RAFAEL PABON Nº 100,-16.4878006,-68.17463684,,,6.0
114,JULIAN APAZA MAÑANA,FISCAL,EDUCACIÓN REGULAR,VILLA JULIANA,AV. COCHABAMBA CALLE 10 Nro 80,-16.53289986,-68.19974518,,,3.0
115,JULIAN APAZA TARDE,FISCAL,EDUCACIÓN REGULAR,VILLA JULIANA,AV. COCHABAMBA CALLE 10 Nro 80,-16.53289986,-68.19974518,,,3.0
116,14 DE MARZO,FISCAL,EDUCACIÓN REGULAR,URBANIZACION MUCOPOL,CALLE SARGENTOS S/N,-16.58680911,-68.19967835,,,8.0
117,BOLIVIA MAR B,FISCAL,EDUCACIÓN REGULAR,UNIFICADA POTOSI,CALLE ISMAEL SOTO MOGROVEJO S/N,-16.58049965,-68.19702148,,,8.0
118,BOLIVIA MAR A,FISCAL,EDUCACIÓN REGULAR,UNIFICADA POTOSI,CALLE ISMAEL SOTO MOGROVEJO S/N,-16.58049965,-68.19702148,,,8.0
119,SAN LUIS DE GONZAGA A,FISCAL,EDUCACIÓN REGULAR,SAN LUIS TASA,CALLE 4 S/N,-16.52829933,-68.19637299,,,3.0
120,JUAN CARLOS FLORES BEDREGAL,FISCAL,EDUCACIÓN REGULAR,ZONA RIO SECO SAN JOSE DE YUNGUYO,ESTRELLAS DE BELEN ENTRE SAN JOSE DE YUNGUYO CALLE 15,-16.50149918,-68.2195282,,,4.0
121,JUAN CARLOS FLORES BEDREGAL MAÑANA,FISCAL,EDUCACIÓN REGULAR,ZONA RIO SECO SAN JOSE DE YUNGUYO,ESTRELLAS DE BELEN ENTRE SAN JOSE DE YUNGUYO CALLE 15,-16.50149918,-68.2195282,,,4.0
122,PARAISO,FISCAL,EDUCACIÓN REGULAR,VILLA PARAISO,CALLE INGAVI S/N,-16.46898319,-68.25136452,,,7.0
123,MAJESTUOSA BOLIVIA,PRIVADA,EDUCACIÓN REGULAR,HORIZONTES I,AV. BOLIVIA Nro 100,-16.54059982,-68.18192291,,,2.0
124,PORVENIR,FISCAL,EDUCACIÓN REGULAR,MERCEDARIO SECTOR 8,CALLES BELEN Y LUIS ESPINAL ENTRE AVENIDA ASUNCION Y GRAN PODER,-16.53583534,-68.23986053,,,4.0
125,AKAPANA FUERZA ANDINA,FISCAL,EDUCACIÓN REGULAR,"URB. VILLA MERCEDES U.V. ""F""",AV. AYACUCHO S/N,-16.57083385,-68.20678115,,,8.0
126,MARIA AYMA MAMANI,FISCAL,EDUCACIÓN REGULAR,"URBANIZACION BAUTISTA SAAVEDRA UNIDAD VECINAL ""D""",AVENIDA RENE BARRIETNOS ORTUÑO S/N,-16.48955474,-68.24607491,,,14.0
127,ANTAWARA SUECIA,FISCAL,EDUCACIÓN REGULAR,URBANIZACIO ORO NEGRO,CALLE DIAGONAL ESTE S/N,-16.55611647,-68.19547611,,,2.0
128,REPUBLICA DE CHILE,FISCAL,EDUCACIÓN REGULAR,URBANIZACIO ORO NEGRO,CALLE DIAGONAL ESTE S/N,-16.55611647,-68.19547611,,,2.0
129,SAN MARTIN DE PORRES,CONVENIO,EDUCACIÓN REGULAR,SAN MARTIN DE PORRES,CALLE RICARDO BUSTAMANTE N. 100,-16.56380088,-68.22150617,,,12.0
130,PATRIA NUEVA,FISCAL,EDUCACIÓN REGULAR,"URBANIZACION BAUTISTA SAAVEDRA U.V. ""A""",CALLE ELIZARDO PEREZ NRO. 3000,-16.4810009,-68.23934937,,,14.0
131,ARMADA BOLIVIANA,FISCAL,EDUCACIÓN REGULAR,23 DE MARZO,ENTRE LA CALLE IGNACIO AVAROA Y PASAJE CARANGAS Nro 1214,-16.50550079,-68.21313477,,,4.0
132,ROBERTO ALVARADO DAZA A,FISCAL,EDUCACIÓN REGULAR,RIO SECO,AVENIDA CIRCUNVALACION Nro 51 RIO SECO,-16.49530029,-68.21317291,,,4.0
133,WALTER ALPIRE DURAN A,FISCAL,EDUCACIÓN REGULAR,RIO SECO,AVENIDA CIRCUNVALACION Nro 51 RIO SECO,-16.49530029,-68.21317291,,,4.0
134,RIO SECO NOCHE,FISCAL,EDUCACIÓN REGULAR,RIO SECO,AVENIDA CIRCUNVALACION Nro 51 RIO SECO,-16.49530029,-68.21317291,,,4.0
135,ROBERTO ALVARADO DAZA B,FISCAL,EDUCACIÓN REGULAR,RIO SECO,AVENIDA CIRCUNVALACION Nro 51 RIO SECO,-16.49530029,-68.21317291,,,4.0
136,WALTER ALPIRE DURAN B,FISCAL,EDUCACIÓN REGULAR,RIO SECO,AVENIDA CIRCUNVALACION Nro 51 RIO SECO,-16.49530029,-68.21317291,,,4.0
137,ILLIMANI 26 DE ABRIL B,FISCAL,EDUCACIÓN REGULAR,URBANIZACION TARAPACA SECTOR D,AVENIDA RAUL PRADA S/N,-16.61829948,-68.19062805,,,8.0
138,ILLIMANI 26 DE ABRIL C,FISCAL,EDUCACIÓN REGULAR,URBANIZACION TARAPACA SECTOR D,AVENIDA RAUL PRADA S/N,-16.61829948,-68.19062805,,,8.0
139,ILLIMANI 26 DE ABRIL A,FISCAL,EDUCACIÓN REGULAR,URBANIZACION TARAPACA SECTOR D,AVENIDA RAUL PRADA S/N,-16.61829948,-68.19062805,,,8.0
140,FELIX TARQUI TRIGUERO,FISCAL,EDUCACIÓN REGULAR,MERCEDARIO SECTOR 7,CALLE CARLOS MODESTO ALCOREZA MELGAREJO,-16.53151555,-68.24440956,,,4.0
141,SAN MARTIN B,FISCAL,EDUCACIÓN REGULAR,URBANIZACION SAN MARTIN B,CALLE 19 DE NOVIEMBRE S/N,-16.54931329,-68.24208407,,,12.0
142,COREA DEL SUR,FISCAL,EDUCACIÓN REGULAR,CALLE TUPUNGATO S/N,"CALLE TUPUNGATO S/N	URBANIZACION BAUTISTA SAAVEDRA UV ""I""",-16.49217872,-68.24691838,,,14.0
143,9 DE JULIO,PRIVADA,EDUCACIÓN REGULAR,AVENIDA TIAHUANACU N° 2000,URBANIZACION VILLA SANTIAGO I,-16.521308,-68.167169,,,1.0
144,GERMAN BUSCH I,FISCAL,EDUCACIÓN REGULAR,GERMAN BUSCH 1-1-2,BARRIO MINERO ENTRE AV. BERENGUELA Y RADIO PIO XII,-16.46242579,-68.17818701,,,5.0
145,YUNGUYO FE Y ALEGRIA A,CONVENIO,EDUCACIÓN REGULAR,YUNGUYO,VILLA YUNGUYO C. MANUEL ENRIQUE ARAUJO S/N,-16.49440002,-68.2251358,,,4.0
146,YUNGUYO FE Y ALEGRIA B,CONVENIO,EDUCACIÓN REGULAR,YUNGUYO,VILLA YUNGUYO C. MANUEL ENRIQUE ARAUJO S/N,-16.49440002,-68.2251358,,,4.0
147,JESUS DE YUNGUYO,CONVENIO,EDUCACIÓN REGULAR,YUNGUYO,VILLA YUNGUYO C. MANUEL ENRIQUE ARAUJO S/N,-16.49440002,-68.2251358,,,4.0
148,YUNGUYO FE Y ALEGRIA TARDE,CONVENIO,EDUCACIÓN REGULAR,YUNGUYO,VILLA YUNGUYO C. MANUEL ENRIQUE ARAUJO S/N,-16.49440002,-68.2251358,,,4.0
149,ADVENTISTA FRANZ TAMAYO,PRIVADA,EDUCACIÓN REGULAR,"VILLA BOLIVAR ""D""",CALLE 132 N° 248 ESQUINA 12,-16.52513338,-68.17422688,,,2.0
150,FRED NUÑEZ GONZALES SEÑOR DE MAYO,FISCAL,EDUCACIÓN REGULAR,URBANIZACIÓN SEÑOR DE MAYO,CALLE 7 ENTRE CALLE C,-16.5988522,-68.16231251,,,8.0
151,24 DE JUNIO,FISCAL,EDUCACIÓN REGULAR,URBANIZACION MANUEL RIGOBERTO PAREDES,CALLE UNION,-16.48057817,-68.26546489,,,7.0
152,MCAL. SUCRE,FISCAL,EDUCACIÓN REGULAR,	MARISCAL SUCRE,CALLE JOSE MANUEL CORTEZ,-16.48489952,-68.22581482,,,5.0
153,NUEVA ESPERANZA A,FISCAL,EDUCACIÓN REGULAR,VILLA ESPERANZA,CALLE PASCOE Nro 777 ESQUINA AV. SUCRE,-16.49069977,-68.19514465,,,5.0
154,NUEVA ESPERANZA B,FISCAL,EDUCACIÓN REGULAR,VILLA ESPERANZA,CALLE PASCOE Nro 777 ESQUINA AV. SUCRE,-16.49069977,-68.19514465,,,5.0
155,RAFAEL MENDOZA CASTELLON A,FISCAL,EDUCACIÓN REGULAR,VILLA ESPERANZA,CALLE PASCOE Nro 777 ESQUINA AV. SUCRE,-16.49069977,-68.19514465,,,5.0
156,ALMIRANTE MIGUEL GRAU A,FISCAL,EDUCACIÓN REGULAR,VILLA ESPERANZA,CALLE PASCOE Nro 777 ESQUINA AV. SUCRE,-16.49069977,-68.19514465,,,5.0
157,ALMIRANTE MIGUEL GRAU B,FISCAL,EDUCACIÓN REGULAR,VILLA ESPERANZA,CALLE PASCOE Nro 777 ESQUINA AV. SUCRE,-16.49069977,-68.19514465,,,5.0
158,RAFAEL MENDOZA CASTELLON B,FISCAL,EDUCACIÓN REGULAR,VILLA ESPERANZA,CALLE PASCOE Nro 777 ESQUINA AV. SUCRE,-16.49069977,-68.19514465,,,5.0
159,WILLIAM BOOTH,PRIVADA,EDUCACIÓN REGULAR,COSMOS 79,CALLE URACIRI PATICA Nro 2064 COSMOS 79,-16.5382321,-68.23424328,,,3.0
160,ANA MARIA ROMERO DE CAMPERO,FISCAL,EDUCACIÓN REGULAR,URBANIZACION SAN MIGUEL,CALLE 6 S/N,-16.46349907,-68.28679657,,,7.0
161,REPUBLICA DE RUSIA,FISCAL,EDUCACIÓN REGULAR,VILLA SAN ROQUE,KM. 12 EL ALTO CARRETERA HUARINA,-16.47570038,-68.26966858,,,7.0
162,SAN ROQUE,FISCAL,EDUCACIÓN REGULAR,VILLA SAN ROQUE,KM. 12 EL ALTO CARRETERA HUARINA,-16.47570038,-68.26966858,,,7.0
163,PABLO ZARATE VILLCA,FISCAL,EDUCACIÓN REGULAR,HUAYNA POTOSI,CALLE CHAHUIRA S/N,-16.47170067,-68.19446564,,,5.0
164,SAN FRANCISCO DE ASIS,FISCAL,EDUCACIÓN REGULAR,URBANIZACION SAN FRANCISCO,CALLE HERNANDO SILES REYES ENTRE MANZANO 4 Y 9 S/N,-16.47685386,-68.2806006,,,7.0
165,SAN FRANCISCO,FISCAL,EDUCACIÓN REGULAR,URBANIZACION SAN FRANCISCO,CALLE HERNANDO SILES REYES ENTRE MANZANO 4 Y 9 S/N,-16.47685386,-68.2806006,,,7.0
166,MILLUNI,FISCAL,EDUCACIÓN REGULAR,"URBANIZACION ""A"" MILLUNI BAJO",AVENIDA SUCRE ENTRE PRIMAVERA Y PEDRO DOMINGO MURILLO S/N,-16.47901695,-68.24325083,,,14.0
167,GRAL. ARMANDO ESCOBAR URIA TARDE,CONVENIO,EDUCACIÓN REGULAR,CIUDAD SATELITE,PLAN 482 ENTRE CALLES 19 Y 20,-16.5298996,-68.15081787,,,1.0
168,GRAL. ARMANDO ESCOBAR URIA MAÑANA,CONVENIO,EDUCACIÓN REGULAR,CIUDAD SATELITE,PLAN 482 ENTRE CALLES 19 Y 20,-16.5298996,-68.15081787,,,1.0
169,REINO DE BELGICA,FISCAL,EDUCACIÓN REGULAR,VILLA ROSAS PAMPA,AV. PANORAMICA Nº 3654,-16.54290009,-68.16849518,,,1.0
170,HEROINA BARTOLINA SISA,FISCAL,EDUCACIÓN REGULAR,URBANIZACION BUENA VISTA,CALLE ANICETO ARCE S/N ENTRE MAMORE Y YACUMA,-16.46444333,-68.26096993,,,7.0
171,PILOTO AVELINO SIÑANI,FISCAL,EDUCACIÓN REGULAR,VILLA ORIENTAL,AV. TUPAC AMARU ENTRE CALLES CALDAS Y PROLONGACION CALDAS S/N,-16.48959029,-68.21681766,,,4.0
172,ESPAÑA - BOLIVIA,FISCAL,EDUCACIÓN REGULAR,URBANIZACION RENACER KOLLA,"ENTRE CALLES INQUISIVI, LARECAJA, OROPEZA Y LOS RAMOS",-16.49429937,-68.26393335,,,7.0
173,EL INGENIO,FISCAL,EDUCACIÓN REGULAR,COMUNIDAD EL INGENIO,COMUNIDAD EL INGENIO,-16.453654,-68.199055,,,13.0
174,CENTRO PEDAGOGICO AMAUTA,PRIVADA,EDUCACIÓN REGULAR,CIUDAD SATELITE,PLAN 561 CALLE 2 Nro 1122,-16.52288573,-68.14907311,,,1.0
175,NOEL KEMPF MERCADO,CONVENIO,EDUCACIÓN REGULAR,"BOLIVAR ""F""",CALLE 137 Nº 360,-16.52449288,-68.18324714,,,3.0
176,BOLIVAR MUNICIPAL,CONVENIO,EDUCACIÓN REGULAR,BOLIVAR MUNICIPAL,CALLE 5 N ro 84,-16.53714904,-68.18898706,,,2.0
177,OCTAVIO CAMPERO ECHAZU,PRIVADA,EDUCACIÓN REGULAR,VILLA TEJADA,AVENIDA ESCALONA Y AGUERO N. 1600,-16.52373171,-68.1566906,,,1.0
178,SAN JULIAN DE LAS NIEVES,FISCAL,EDUCACIÓN REGULAR,URBANIZACION JULIAN APAZA,AV. HEROES DE OCTUBRE NRO. 2025,-16.46450242,-68.25189559,,,7.0
179,REPUBLICA DE MEXICO,FISCAL,EDUCACIÓN REGULAR,PALESTINA,CALLE BELEN Nº 2248,-16.46790287,-68.22044401,,,14.0
180,PLAYA VERDE,FISCAL,EDUCACIÓN REGULAR,URBANIZACION PLAYA VERDE,CALLE 24 DE JUNIO N° 3872,-16.47205433,-68.28535347,,,7.0
181,MILLUNI BAJO,FISCAL,EDUCACIÓN REGULAR,COMUNIDAD MILLUNI BAJO DISTRITO NRO. 13,COMUNIDAD MILLUNI BAJO,-16.432356,-68.2215233,,,13.0
182,12 DE OCTUBRE TARDE,FISCAL,EDUCACIÓN REGULAR,12 DE OCTUBRE,AVENIDA RODOLFO PALENQUE SIN NUMERO,-16.51269913,-68.16326141,,,1.0
183,12 DE OCTUBRE MAÑANA,FISCAL,EDUCACIÓN REGULAR,12 DE OCTUBRE,AVENIDA RODOLFO PALENQUE SIN NUMERO,-16.51269913,-68.16326141,,,1.0
184,AMERICA PANORAMICA A,FISCAL,EDUCACIÓN REGULAR,PANORAMICA II,CALLE LUCIO PEREZ VELASCO S/N,-16.57850075,-68.18125153,,,8.0
185,AMERICA PANORAMICA B,FISCAL,EDUCACIÓN REGULAR,PANORAMICA II,CALLE LUCIO PEREZ VELASCO S/N,-16.57850075,-68.18125153,,,8.0
186,HÉROES DEL LITORAL,FISCAL,EDUCACIÓN REGULAR,URBANIZACIÓN LOS LIRIOS,CALLE 28 DE JUNIO S/N,-16.470046,-68.28879,,,7.0
187,2 DE FEBRERO,FISCAL,EDUCACIÓN REGULAR,URBANIZACIÓN 2 DE FEBRERO,ENTRE CALLES CANDELARIA 12 Y 14 S/N,-16.61916786,-68.1973958,,,8.0
188,CAMINITO A JERUSALEN,PRIVADA,EDUCACIÓN REGULAR,VILLA DOLORES,CALLE 5 Nº 298,-16.51102969,-68.16107063,,,1.0
189,TOPATER DON BOSCO B,CONVENIO,EDUCACIÓN REGULAR,VILLA MERCEDES,AV. GENARO SANJINEZ Nº 1650,-16.56399918,-68.19930267,,,8.0
190,ALEJANDRO MALDONADO,FISCAL,EDUCACIÓN REGULAR,URBANIZACION FRANZ TAMAYO D,	ENTRE CALLES FELIX VEINTEMILLAS Y ELOIDA VALDIVIA MIRANDA,-16.49912149,-68.25611203,,,14.0
191,ADOLFO KOLPING SANTIAGO II,PRIVADA,EDUCACIÓN REGULAR,URB. VILLA SANTIAGO II,CALLE 14 ESQUINA E Nº 2097,-16.53635194,-68.18170755,,,2.0
192,VILLA INGENIO,FISCAL,EDUCACIÓN REGULAR,VILLA INGENIO,AV. GUALBERTO VILLARROEL S/N,-16.47890091,-68.21056366,,,5.0
193,JOSE ANTONIO PAREDES CANDIA,FISCAL,EDUCACIÓN REGULAR,VILLA INGENIO,AV. GUALBERTO VILLARROEL S/N,-16.47890091,-68.21056366,,,5.0
194,SAN SIMON,FISCAL,EDUCACIÓN REGULAR,	SEÑOR DE SAN ROQUE,CALLE CALAMA,-16.24631994,-68.71948244,,,
195,FUERZA AEREA ARGENTINA,FISCAL,EDUCACIÓN REGULAR,URBANIZACION LEON,CALLE SIMON BOLIVAR S/N,-16.49710083,-68.25321198,,,7.0
196,VUELA ANGELITO,PRIVADA,EDUCACIÓN REGULAR,16 DE JULIO,AV. JUAN PABLO II NRO. 300,-16.50038959,-68.17211866,,,6.0
197,LEÓN DE JUDÁ,PRIVADA,EDUCACIÓN REGULAR,CUIDAD SATELITE,CALLE MALLCO MAYTA Nª1342,-16.50983283,-68.04931641,,,
198,EL JARDIN DE MIS RECUERDOS,PRIVADA,EDUCACIÓN REGULAR,16 DE JULIO,AV. EMILIO BELTRAN Nª 2679,-16.50029701,-68.16666305,,,6.0
199,PANKARITA,PRIVADA,EDUCACIÓN REGULAR,CUIDAD SATELITE,CALLE MALLCO MAYTA 9,-16.526108,-68.15017,,,1.0
200,CATOLICO SAN AGUSTIN,PRIVADA,EDUCACIÓN REGULAR,SAN LUIS 1RO. DE MAYO,"AV. FIDELIA CRUZ, Nº 1015, ESQ. AV. COCHABAMBA",-16.53429985,-68.20337677,,,3.0
201,SIMON BOLIVAR TARDE,FISCAL,EDUCACIÓN REGULAR,VILLA BOLIVAR D,CALLE 102 S/N,-16.52739906,-68.17500305,,,2.0
202,LIBERTADOR SIMON BOLIVAR,FISCAL,EDUCACIÓN REGULAR,VILLA BOLIVAR D,CALLE 102 S/N,-16.52739906,-68.17500305,,,2.0
203,TOCOPILLA,FISCAL,EDUCACIÓN REGULAR,PUERTO MEJILLONES,AVENIDA 4 S/N,-16.48649979,-68.20889822,,,5.0
204,MARCELO QUIROGA SANTA CRUZ,FISCAL,EDUCACIÓN REGULAR,PUERTO MEJILLONES,AVENIDA 4 S/N,-16.48649979,-68.20889822,,,5.0
205,TEOFILO LOPEZ FLORES,FISCAL,EDUCACIÓN REGULAR,URBANIZACIÓN PORVENIR II,C. BARTOLINA SISA,-16.46579132,-68.26894641,,,7.0
206,ADVENTISTA REID SHEPARD,PRIVADA,EDUCACIÓN REGULAR,PACAJES CALUYO,"CALLE ""J"" N° 1041",-16.52898019,-68.19349587,,,3.0
207,27 DE MAYO A,FISCAL,EDUCACIÓN REGULAR,URBANIZACION 27 DE MAYO,AV. 27 DE MAYO Nº 200,-16.60000038,-68.1893158,,,8.0
208,27 DE MAYO B,FISCAL,EDUCACIÓN REGULAR,URBANIZACION 27 DE MAYO,AV. 27 DE MAYO Nº 200,-16.60000038,-68.1893158,,,8.0
209,ECOLOGICO LOS PINOS A,FISCAL,EDUCACIÓN REGULAR,ECOLOGICO LOS PINOS,URBANIZACION ECOLOGICO LOS PINOS CALLE FLORIDA S/N,-16.59985817,-68.17537153,,,8.0
210,ECOLOGICO LOS PINOS B,FISCAL,EDUCACIÓN REGULAR,ECOLOGICO LOS PINOS,URBANIZACION ECOLOGICO LOS PINOS CALLE FLORIDA S/N,-16.59985817,-68.17537153,,,8.0
211,BOLIVIANO PORTUGAL,FISCAL,EDUCACIÓN REGULAR,NUEVA ASUNCIÓN UV. 3,AV. CALACOTO Nº 200,-16.4720993,-68.20239258,,,5.0
212,GREGORIO CHURATA CONDORI,FISCAL,EDUCACIÓN REGULAR,VALLE HERMOSO II,CALLE 13 N° 123,-16.45539932,-68.24228525,,,7.0
213,NUEVA ESPERANZA,FISCAL,EDUCACIÓN REGULAR,NUEVA ESPERANZA,CALLE SAJAMA S/N ENTRE CALLE POOPO Y 16 DE JULIO SENKATA,-16.5958004,-68.17063141,,,8.0
214,23 DE MARZO A,FISCAL,EDUCACIÓN REGULAR,23 DE MARZO,ENTRE CALLE RIO LOA Y AVENIDA H S/N,-16.6196003,-68.17769623,,,8.0
215,23 DE MARZO B,FISCAL,EDUCACIÓN REGULAR,23 DE MARZO,ENTRE CALLE RIO LOA Y AVENIDA H S/N,-16.6196003,-68.17769623,,,8.0
216,REPUBLICA DE CUBA DEL CARIBE,FISCAL,EDUCACIÓN REGULAR,CMD. POMAMAYA ALTA,CARRETERA HUARINA,-16.47949982,-68.29999542,,,9.0
217,ABYA YALA,FISCAL,EDUCACIÓN REGULAR,URBANIZACIÓN PARCOPATA 90,"CALLE: MINERO, S/N",-16.59516102,-68.21133256,,,8.0
218,ALIPIO VALENCIA VEGA,PRIVADA,EDUCACIÓN REGULAR,LOS ANDES,CALLE PASCOE Nro 60,-16.49220085,-68.19203949,,,6.0
219,MARANATA,PRIVADA,EDUCACIÓN REGULAR,SENKATA ATIPIRIS,AVENIDA MARTIN ALCAYA Nro 121,-16.59554028,-68.18162385,,,8.0
220,REPUBLICA DEL JAPON TARDE,FISCAL,EDUCACIÓN REGULAR,6 DE AGOSTO,CALLE QUILLACAS N° 1048,-16.50349998,-68.20343018,,,4.0
221,REPUBLICA DEL JAPON MAÑANA,FISCAL,EDUCACIÓN REGULAR,6 DE AGOSTO,CALLE QUILLACAS N° 1048,-16.50349998,-68.20343018,,,4.0
222,VIRGEN DE COPACABANA B,FISCAL,EDUCACIÓN REGULAR,SENKATA,CALLE KOLLI Nº 1000,-16.58099937,-68.17932129,,,8.0
223,VIRGEN DE COPACABANA A,FISCAL,EDUCACIÓN REGULAR,SENKATA,CALLE KOLLI Nº 1000,-16.58099937,-68.17932129,,,8.0
224,GENOVEVA RIOS,FISCAL,EDUCACIÓN REGULAR,URB. 24 DE JUNIO,"CALLE 2,3,F",-16.45751892,-68.27373147,,,7.0
225,EL POLLITO,PRIVADA,EDUCACIÓN REGULAR,URB. RIO SECO (VIVIENDA LOTES Y SERVICIOS),"AV. JUAN LECHIN OQUENDO ,MANZANO P, Nª 932",-16.49620788,-68.21332812,,,4.0
226,6 DE MARZO TARDE,FISCAL,EDUCACIÓN REGULAR,RIO SECO 25 DE JULIO,CALLE JALSURI NO. 1031 ANEXO 25 DE JULIO,-16.50749969,-68.21478271,,,4.0
227,6 DE MARZO MAÑANA,FISCAL,EDUCACIÓN REGULAR,RIO SECO 25 DE JULIO,CALLE JALSURI NO. 1031 ANEXO 25 DE JULIO,-16.50749969,-68.21478271,,,4.0
228,ROMULO GALLEGOS,FISCAL,EDUCACIÓN REGULAR,CIUDAD SATELITE,PLAN 361 CALLE 7 S/N,-16.52659988,-68.15415955,,,1.0
229,PILOTO BOLIVIA,FISCAL,EDUCACIÓN REGULAR,CIUDAD SATELITE,PLAN 361 CALLE 7 S/N,-16.52659988,-68.15415955,,,1.0
230,VILLA TUNARI MAÑANA,FISCAL,EDUCACIÓN REGULAR,VILLA TUNARI,AV. SUCRE S/N,-16.49799919,-68.19761658,,,4.0
231,VILLA TUNARI TARDE,FISCAL,EDUCACIÓN REGULAR,VILLA TUNARI,AV. SUCRE S/N,-16.49799919,-68.19761658,,,4.0
232,ANTOFAGASTA,FISCAL,EDUCACIÓN REGULAR,VILLA TUNARI,AV. SUCRE S/N,-16.49799919,-68.19761658,,,4.0
233,OCOMISTO,FISCAL,EDUCACIÓN REGULAR,OCOMISTO,OCOMISTO CAMINO A LAJA A 21 KM DE LA CEJA,-16.50230026,-68.2775116,,,11.0
234,LIBERTAD,FISCAL,EDUCACIÓN REGULAR,MARISCAL SUCRE SUR,CALLE CARDAVILA S/N,-16.48800087,-68.22671509,,,4.0
235,JUAN JOSE TORREZ GONZALES C,FISCAL,EDUCACIÓN REGULAR,ALTO LIMA 2DA. SECCION,AV. FINAL HUAYNA POTOSI S/N,-16.47089958,-68.16990662,,,6.0
236,JUAN JOSE TORREZ GONZALES A,FISCAL,EDUCACIÓN REGULAR,ALTO LIMA 2DA. SECCION,AV. FINAL HUAYNA POTOSI S/N,-16.47089958,-68.16990662,,,6.0
237,JUAN JOSE TORREZ GONZALES B,FISCAL,EDUCACIÓN REGULAR,ALTO LIMA 2DA. SECCION,AV. FINAL HUAYNA POTOSI S/N,-16.47089958,-68.16990662,,,6.0
238,16 DE AGOSTO,FISCAL,EDUCACIÓN REGULAR,16 DE AGOSTO,KM. 12 EL ALTO HUARINA,-16.48259926,-68.27584076,,,7.0
239,MCAL. DE AYACUCHO,PRIVADA,EDUCACIÓN REGULAR,BALLIVIAN,SARGENTO CARRASCO Nro 124,-16.49060059,-68.17491913,,,6.0
240,ADVENTISTA SALOMON,PRIVADA,EDUCACIÓN REGULAR,TEJADA RECTANGULAR,CALLE 17 Nro 120,-16.52599907,-68.1578598,,,1.0
241,VENEZUELA PLAN 3000 A,FISCAL,EDUCACIÓN REGULAR,URBANIZACION COPACABANA B PLAN 3000,CALLE LOS OLIVOS S/N,-16.61070904,-68.2008317,,,8.0
242,VENEZUELA PLAN 3000 B,FISCAL,EDUCACIÓN REGULAR,URBANIZACION COPACABANA B PLAN 3000,CALLE LOS OLIVOS S/N,-16.61070904,-68.2008317,,,8.0
243,LA PAZ MAÑANA,FISCAL,EDUCACIÓN REGULAR,URBANIZACION COSMOS 78,AVENIDA G S/N,-16.52899933,-68.19995117,,,3.0
244,LA PAZ TARDE,FISCAL,EDUCACIÓN REGULAR,URBANIZACION COSMOS 78,AVENIDA G S/N,-16.52899933,-68.19995117,,,3.0
245,VICENTE TEJADA NOCHE,FISCAL,EDUCACIÓN REGULAR,URBANIZACION VILLA TEJADA,CALLE 9 Nro 100,-16.51939964,-68.15532684,,,1.0
246,VICENTE TEJADA TARDE,FISCAL,EDUCACIÓN REGULAR,URBANIZACION VILLA TEJADA,CALLE 9 Nro 100,-16.51939964,-68.15532684,,,1.0
247,VICENTE TEJADA MAÑANA,FISCAL,EDUCACIÓN REGULAR,URBANIZACION VILLA TEJADA,CALLE 9 Nro 100,-16.51939964,-68.15532684,,,1.0
248,SAN JERONIMO NOCHE,CONVENIO,EDUCACIÓN REGULAR,URB. IRO. MAYO,AV. COCHABAMBA LADO PARROQUIA S/N,-16.53300095,-68.20040894,,,3.0
249,JESUS OBRERO MAÑANA,CONVENIO,EDUCACIÓN REGULAR,URB. IRO. MAYO,AV. COCHABAMBA LADO PARROQUIA S/N,-16.53300095,-68.20040894,,,3.0
250,5 DE AGOSTO LAS NIEVES,FISCAL,EDUCACIÓN REGULAR,URBANIZACION LAS NIEVES,CALLE SUCRE S/N,-16.60440063,-68.19792938,,,8.0
251,LOS ANDES TARDE,FISCAL,EDUCACIÓN REGULAR,LOS ANDES,AV. LA PAZ S/N,-16.49479028,-68.18431228,,,6.0
252,LOS ANDES MAÑANA,FISCAL,EDUCACIÓN REGULAR,LOS ANDES,AV. LA PAZ S/N,-16.49479028,-68.18431228,,,6.0
253,LUIS ESPINAL NUEVO VENTILLA,FISCAL,EDUCACIÓN REGULAR,URBANIZACION LUIS ESPINAL NUEVO VENTILLA,AVENIDA ANTONIO PAREDEZ CANDIA S/N,-16.61319923,-68.17648315,,,8.0
254,GRAN BRETAÑA TARDE,FISCAL,EDUCACIÓN REGULAR,LOS ANDES,CALLE BALBOA Y PASCOE S/N,-16.49329948,-68.18788147,,,6.0
255,GRAN BRETAÑA MAÑANA,FISCAL,EDUCACIÓN REGULAR,LOS ANDES,CALLE BALBOA Y PASCOE S/N,-16.49329948,-68.18788147,,,6.0
256,RAFAEL PABON,FISCAL,EDUCACIÓN REGULAR,GERMAN BUSCH,CALLE RADIO CONDOR S/N,-16.46299934,-68.17411041,,,5.0
257,MCAL. JOSE BALLIVIAN A,FISCAL,EDUCACIÓN REGULAR,BALLIVIAN,RENE VARGAS Y ALVAREZ PLATA Nro 200,-16.48970032,-68.17869568,,,6.0
258,MCAL. JOSE BALLIVIAN C,FISCAL,EDUCACIÓN REGULAR,BALLIVIAN,RENE VARGAS Y ALVAREZ PLATA Nro 200,-16.48970032,-68.17869568,,,6.0
259,BOLIVIANO JAPONES A,FISCAL,EDUCACIÓN REGULAR,URBANIZACIO CRISTAL II,CALLE BATALLÓN SUCRE S/N,-16.60239983,-68.19861603,,,8.0
260,BOLIVIANO JAPONES B,FISCAL,EDUCACIÓN REGULAR,URBANIZACIO CRISTAL II,CALLE BATALLÓN SUCRE S/N,-16.60239983,-68.19861603,,,8.0
261,COPACABANA I,FISCAL,EDUCACIÓN REGULAR,URBANIZACION COPACABANA,AVENIDA GRAN CHACO S/N,-16.60440063,-68.2052536,,,8.0
262,CATOLICO MERCEDES A,FISCAL,EDUCACIÓN REGULAR,VILLA MERCEDES C,AV. ACHIRI S/N,-16.56539917,-68.21594238,,,8.0
263,CATOLICO MERCEDES B,FISCAL,EDUCACIÓN REGULAR,VILLA MERCEDES C,AV. ACHIRI S/N,-16.56539917,-68.21594238,,,8.0
264,ALONZO DE MENDOZA,FISCAL,EDUCACIÓN REGULAR,URBANIZACION ALONZO DE MENDOZA,AV. ALONZO DE SAYA S/N,-16.61650085,-68.17596436,,,8.0
265,AVELINO SIÑANI,CONVENIO,EDUCACIÓN REGULAR,14 DE SEPTIEMBRE - VENTILLA,CALLE APOLO S/N,-16.60950089,-68.17599487,,,8.0
266,17 DE OCTUBRE,FISCAL,EDUCACIÓN REGULAR,URBANIZACION UNIFICADA 23 DE ENERO,AV. LITORAL S/N,-16.59519958,-68.17852783,,,8.0
267,BOLIVIANO AMERICANO - A,FISCAL,EDUCACIÓN REGULAR,URBANIZACION FABRIL JUNTU HUMA SECTOR I Y II,AVENIDA INTEGRACION S/N,-16.59732271,-68.17757291,,,8.0
268,BOLIVIANO AMERICANO - B,FISCAL,EDUCACIÓN REGULAR,URBANIZACION FABRIL JUNTU HUMA SECTOR I Y II,AVENIDA INTEGRACION S/N,-16.59732271,-68.17757291,,,8.0
269,JARDINES B,FISCAL,EDUCACIÓN REGULAR,URBANIZACION LOS JARDINES,CALLE 4 S/N,-16.62199974,-68.17702484,,,8.0
270,JARDINES A,FISCAL,EDUCACIÓN REGULAR,URBANIZACION LOS JARDINES,CALLE 4 S/N,-16.62199974,-68.17702484,,,8.0
271,24 DE JULIO A,FISCAL,EDUCACIÓN REGULAR,URBANIZACION CHIJIMARCA,AV. TRONCAL S/N Y AV. INCAHUASI,-16.58790016,-68.19558716,,,8.0
272,24 DE JULIO B,FISCAL,EDUCACIÓN REGULAR,URBANIZACION CHIJIMARCA,AV. TRONCAL S/N Y AV. INCAHUASI,-16.58790016,-68.19558716,,,8.0
273,SAN AGUSTIN A,FISCAL,EDUCACIÓN REGULAR,VILLA MERCEDES U.V. D,AV. CRISTO REDENTOR S/N,-16.57102825,-68.21746489,,,8.0
274,SAN AGUSTIN B,FISCAL,EDUCACIÓN REGULAR,VILLA MERCEDES U.V. D,AV. CRISTO REDENTOR S/N,-16.57102825,-68.21746489,,,8.0
275,ARCO IRIS,FISCAL,EDUCACIÓN REGULAR,URBANIZACION ARCO IRIS POTOSI,CALLES LOS CLAVELES S/N,-16.60610008,-68.17269897,,,8.0
276,15 DE ABRIL,FISCAL,EDUCACIÓN REGULAR,"URBANIZACION VILLA MERCEDES UNIDAD VECINAL ""E""",AVENIDA 1ERO. DE MAYO S/N,-16.5678997,-68.21192169,,,8.0
277,24 DE SEPTIEMBRE,FISCAL,EDUCACIÓN REGULAR,"URBANIZACION VILLA MERCEDES UNIDAD VECINAL ""I",CALLE INCA HUASCAR S/N,-16.55979919,-68.20291901,,,8.0
278,JARDINES DEL SUR,FISCAL,EDUCACIÓN REGULAR,JARDIN MAXIMA,CALLE GIRASOL S/N,-16.61590004,-68.19595337,,,8.0
279,ECOLOGICO BADEN POWELL,FISCAL,EDUCACIÓN REGULAR,URBANIZACION VILLA MERCEDES B,CALLE JOSE ANTONIO ARCE S/N,-16.56334031,-68.20921779,,,8.0
280,ATIPIRIS TARDE,FISCAL,EDUCACIÓN REGULAR,ATIPIRIS,CALLE GABRIEL ANTONIO CASTRO S/N,-16.5909996,-68.17848969,,,8.0
281,ATIPIRIS MAÑANA,FISCAL,EDUCACIÓN REGULAR,ATIPIRIS,CALLE GABRIEL ANTONIO CASTRO S/N,-16.5909996,-68.17848969,,,8.0
282,PILOTO INTERVIDA DE FE Y ALEGRIA,CONVENIO,EDUCACIÓN REGULAR,ROSAS PAMPA,AVENIDA 6 DE MARZO N° 377,-16.54990005,-68.17915344,,,2.0
283,JESUS MARIA FE Y ALEGRIA,CONVENIO,EDUCACIÓN REGULAR,GERMAN BUSCH,CALLE SERGIO SUAREZ Nro 12 Y AV. ESCOMA,-16.46800041,-68.18724823,,,5.0
284,HABANA CUBA,FISCAL,EDUCACIÓN REGULAR,URBANIZACION BAUTISTA SAAVEDRA UNIDAD VECINAL J,AVENIDA CARLOS PALENQUE Nº 1382,-16.4953874,-68.24382722,,,14.0
285,DANIEL SANCHEZ BUSTAMANTE EL ALTO,PRIVADA,EDUCACIÓN REGULAR,BALLIVIAN VILLA YUNGUYO,AV. MIGUEL ABADIA Y MÉNDEZ No. 240,-16.49169922,-68.21829987,,,4.0
286,REAL DEL SUR,PRIVADA,EDUCACIÓN REGULAR,VILLA ESTHER,AVENIDA JULIO CESAR VALDEZ Nro 2160,-16.52837827,-68.20616393,,,3.0
287,IBERDROLA A,FISCAL,EDUCACIÓN REGULAR,SAN PEDRO - SAN PABLO ANEXO SAN PABLO,PLAZA 16 DE FEBRERO S/N,-16.59217339,-68.18830276,,,8.0
288,IBERDROLA B,FISCAL,EDUCACIÓN REGULAR,SAN PEDRO - SAN PABLO ANEXO SAN PABLO,PLAZA 16 DE FEBRERO S/N,-16.59217339,-68.18830276,,,8.0
289,18 DE DICIEMBRE B,FISCAL,EDUCACIÓN REGULAR,SENKATA,18 DE DICIEMBRE,-16.58659935,-68.17818451,,,8.0
290,18 DE DICIEMBRE A,FISCAL,EDUCACIÓN REGULAR,SENKATA,18 DE DICIEMBRE,-16.58659935,-68.17818451,,,8.0
291,COMANDANTE ERNESTO CHE GUEVARA A,FISCAL,EDUCACIÓN REGULAR,URB. 14 DE SEPTIEMBRE B,CAMINO A ORURO,-16.60955531,-68.17459559,,,8.0
292,COMANDANTE ERNESTO CHE GUEVARA B,FISCAL,EDUCACIÓN REGULAR,URB. 14 DE SEPTIEMBRE B,CAMINO A ORURO,-16.60955531,-68.17459559,,,8.0
293,NUEVO AMANECER DE FE Y ALEGRIA A,CONVENIO,EDUCACIÓN REGULAR,URB. NUEVO AMANECER,AV. NATURALEZA Nº 100,-16.56850052,-68.22084808,,,8.0
294,NUEVO AMANECER DE FE Y ALEGRIA B,CONVENIO,EDUCACIÓN REGULAR,URB. NUEVO AMANECER,AV. NATURALEZA Nº 100,-16.56850052,-68.22084808,,,8.0
295,CANDELARIA,CONVENIO,EDUCACIÓN REGULAR,VILLA CANDELARIA,CALLE TIMUSI ESQUINA QUEBRADA S/N,-16.53000069,-68.21099854,,,3.0
296,AMERICA I,FISCAL,EDUCACIÓN REGULAR,URBANIZACION AMERICA,CALLE JUANCITO PINTO S/N,-16.5468998,-68.23065948,,,12.0
297,MERCEDES ELIO DE RIVERO A,FISCAL,EDUCACIÓN REGULAR,URBANIZACION RIVERO,AVENIDA REPUBLICA BOLIVARIANA DE VENEZUELA N° 1125,-16.55669975,-68.23155212,,,12.0
298,MERCEDES ELIO DE RIVERO B,FISCAL,EDUCACIÓN REGULAR,URBANIZACION RIVERO,AVENIDA REPUBLICA BOLIVARIANA DE VENEZUELA N° 1125,-16.55669975,-68.23155212,,,12.0
299,PUERTO DE GUAQUI TARDE,FISCAL,EDUCACIÓN REGULAR,ALTO LIMA 2 DA SECCION,CALLE HUAYNA POTOSI Nro 100,-16.47599983,-68.17359161,,,6.0
300,PUERTO DE GUAQUI MAÑANA,FISCAL,EDUCACIÓN REGULAR,ALTO LIMA 2 DA SECCION,CALLE HUAYNA POTOSI Nro 100,-16.47599983,-68.17359161,,,6.0
301,16 DE FEBRERO A,FISCAL,EDUCACIÓN REGULAR,URBANIZACION 16 DE FEBRERO,CALLE LUIS ESPINAL S/N,-16.50329971,-68.22742462,,,4.0
302,16 DE FEBRERO B,FISCAL,EDUCACIÓN REGULAR,URBANIZACION 16 DE FEBRERO,CALLE LUIS ESPINAL S/N,-16.50329971,-68.22742462,,,4.0
303,ADRIAN CASTILLO NAVA A,FISCAL,EDUCACIÓN REGULAR,ALTO LIMA 3RA. SECCION,AV. SUCRE S/N,-16.48159981,-68.18643188,,,6.0
304,25 DE JULIO SENKATA B,FISCAL,EDUCACIÓN REGULAR,URBANIZACION 25 DE JULIO,AV. MARISCAL BRAUN S/N,-16.58181738,-68.18310165,,,8.0
305,25 DE JULIO SENKATA A,FISCAL,EDUCACIÓN REGULAR,URBANIZACION 25 DE JULIO,AV. MARISCAL BRAUN S/N,-16.58181738,-68.18310165,,,8.0
306,SAN ANTONIO A,FISCAL,EDUCACIÓN REGULAR,SENKATA PUCARANI,AVENIDA PERIFERICA ENTRE ANKOHUMA,-16.58250046,-68.18673706,,,8.0
307,SAN ANTONIO B,FISCAL,EDUCACIÓN REGULAR,SENKATA PUCARANI,AVENIDA PERIFERICA ENTRE ANKOHUMA,-16.58250046,-68.18673706,,,8.0
308,SAN JUAN MAÑANA,FISCAL,EDUCACIÓN REGULAR,URBANIZACION CALAMA,CALLE 9 S/N PLAZA LA BANBERA,-16.52169991,-68.19724274,,,3.0
309,SAN JUAN TARDE,FISCAL,EDUCACIÓN REGULAR,URBANIZACION CALAMA,CALLE 9 S/N PLAZA LA BANBERA,-16.52169991,-68.19724274,,,3.0
310,BOLIVIANO HOLANDES,PRIVADA,EDUCACIÓN REGULAR,CIUDAD SATELITE TEJADA ALPACOMA,AV. DIEGO DE OCAÑA Nro 200,-16.53000069,-68.15184021,,,1.0
311,METODISTA ANDINO,CONVENIO,EDUCACIÓN REGULAR,VILLA COMPLEMENTO YUNGUYO,AV. EMILIO ABREU GOMEZ Nº 2684,-16.49160004,-68.22433472,,,4.0
312,31 DE OCTUBRE B,FISCAL,EDUCACIÓN REGULAR,31 DE OCTUBRE,CALLES VILOCO Y SAYAQUIRA S/N,-16.62010002,-68.18888092,,,8.0
313,31 DE OCTUBRE A,FISCAL,EDUCACIÓN REGULAR,31 DE OCTUBRE,CALLES VILOCO Y SAYAQUIRA S/N,-16.62010002,-68.18888092,,,8.0
314,OSCAR ALFARO B MAÑANA,FISCAL,EDUCACIÓN REGULAR,BAUTISTA SAAVEDRA,Av. JOSE BALLIVIAN Nro. 200,-16.49080086,-68.2363739,,,14.0
315,OSCAR ALFARO B,FISCAL,EDUCACIÓN REGULAR,BAUTISTA SAAVEDRA,Av. JOSE BALLIVIAN Nro. 200,-16.49080086,-68.2363739,,,14.0
316,BRASILIA NOCHE,FISCAL,EDUCACIÓN REGULAR,	SANTIAGO 1RO,PLAZA TRIANGULAR CALLE BADANI S/N,-16.51869965,-68.1598053,,,1.0
317,BRASILIA MAÑANA,FISCAL,EDUCACIÓN REGULAR,	SANTIAGO 1RO,PLAZA TRIANGULAR CALLE BADANI S/N,-16.51869965,-68.1598053,,,1.0
318,BRASILIA TARDE,FISCAL,EDUCACIÓN REGULAR,	SANTIAGO 1RO,PLAZA TRIANGULAR CALLE BADANI S/N,-16.51869965,-68.1598053,,,1.0
319,MARISCAL DE ZEPITA TARDE,FISCAL,EDUCACIÓN REGULAR,ANEXO VILLA TUNARI,"CALLE 9, G ENTRE AV. COSTANERA S/N",-16.49850082,-68.20680237,,,4.0
320,MARISCAL. DE ZEPITA MAÑANA,FISCAL,EDUCACIÓN REGULAR,ANEXO VILLA TUNARI,"CALLE 9, G ENTRE AV. COSTANERA S/N",-16.49850082,-68.20680237,,,4.0
321,ANDRES BELLO MAÑANA,FISCAL,EDUCACIÓN REGULAR,VILLA BOLIVAR A,CALLE TELLEZ ROSS S/N,-16.51169968,-68.16716003,,,1.0
322,ANDRES BELLO TARDE,FISCAL,EDUCACIÓN REGULAR,VILLA BOLIVAR A,CALLE TELLEZ ROSS S/N,-16.51169968,-68.16716003,,,1.0
323,MCAL. ANTONIO JOSE DE SUCRE TARDE,FISCAL,EDUCACIÓN REGULAR,"MARISCAL SUCRE MILLUNI BAJO SECTOR ""A""",AV. DEMETRIO CANELAS S/N,-16.47750092,-68.22254944,,,5.0
324,MCAL. ANTONIO JOSE DE SUCRE MAÑANA,FISCAL,EDUCACIÓN REGULAR,"MARISCAL SUCRE MILLUNI BAJO SECTOR ""A""",AV. DEMETRIO CANELAS S/N,-16.47750092,-68.22254944,,,5.0
325,ANDRES BELLO,FISCAL,EDUCACIÓN REGULAR,CIUDAD SATELITE,PLAN 361 CALLE 5 S/N,-16.52669907,-68.15572357,,,1.0
326,HEROES DEL PACIFICO,FISCAL,EDUCACIÓN REGULAR,CIUDAD SATELITE,PLAN 361 CALLE 5 S/N,-16.52669907,-68.15572357,,,1.0
327,ADVENTISTA SHALOM,PRIVADA,EDUCACIÓN REGULAR,25 DE JULIO SENKATA,CALLE COVENDO Nro 3304,-16.58279991,-68.18159485,,,8.0
328,6 DE AGOSTO,FISCAL,EDUCACIÓN REGULAR,CIUDAD SATELITE,PLAN 361 CALLES 3 Y 4,-16.5291996,-68.15756226,,,1.0
329,MODESTO OMISTE,FISCAL,EDUCACIÓN REGULAR,CIUDAD SATELITE,PLAN 361 CALLES 3 Y 4,-16.5291996,-68.15756226,,,1.0
330,REPUBLICA POPULAR DE CHINA,FISCAL,EDUCACIÓN REGULAR,SAN FELIPE DE SEKKE,SEKKE CAMINO A LAJA A 22 KM DE LA CEJA,-16.507878,-68.236532,,,4.0
331,6 DE JUNIO,FISCAL,EDUCACIÓN REGULAR,CIUDAD SATELITE,PLAZA 27 DE MAYO PLAN 266,-16.53106611,-68.15355837,,,1.0
332,NIÑO JESUS DE PRAGA,FISCAL,EDUCACIÓN REGULAR,CIUDAD SATELITE,PLAZA 27 DE MAYO PLAN 266,-16.53106611,-68.15355837,,,1.0
333,JUAN PABLO II DON BOSCO,CONVENIO,EDUCACIÓN REGULAR,ANEXO SANTA ROSA,CALLE HUGO BUTRON Nº 1095 PARADA MICRO BUS Nro 611,-16.54487896,-68.16363853,,,1.0
334,VILLANDRANI,FISCAL,EDUCACIÓN REGULAR,VILLAMANDRANI,VILLA ANDRANI A25 KM DE LA CEJA,-16.49799919,-68.29083252,,,9.0
335,HUAYNA POTOSI,FISCAL,EDUCACIÓN REGULAR,HUAYNA POTOSI,AV. JORGE MONJE ZAPATA Nro 1,-16.47696842,-68.18629742,,,5.0
336,HUAYNA POTOSI MAÑANA,FISCAL,EDUCACIÓN REGULAR,HUAYNA POTOSI,AV. JORGE MONJE ZAPATA Nro 1,-16.47696842,-68.18629742,,,5.0
337,PUERTO DE MEJILLONES CIUDAD SATELITE,FISCAL,EDUCACIÓN REGULAR,CIUDAD SATELITE,AVENIDA DEL POLICIA S/N,-16.52680016,-68.15202332,,,1.0
338,VILLA COOPERATIVA A,FISCAL,EDUCACIÓN REGULAR,V. COOPERATIVA,CALLE SAN BARTOLOME LTDA. S/N,-16.47270012,-68.22510529,,,14.0
339,VILLA COOPERATIVA B,FISCAL,EDUCACIÓN REGULAR,V. COOPERATIVA,CALLE SAN BARTOLOME LTDA. S/N,-16.47270012,-68.22510529,,,14.0
340,REPUBLICA DEL URUGUAY,FISCAL,EDUCACIÓN REGULAR,TACACHIRA,CAMINO A LAJA A 20 KM DE LAJA,-16.51930046,-68.27655792,,,11.0
341,SEBASTIAN PAGADOR - A,FISCAL,EDUCACIÓN REGULAR,"URBANIZACION INGAVI ""B""",CALLE CONDOR S/N,-16.59399986,-68.19403076,,,8.0
342,SEBASTIAN PAGADOR - B,FISCAL,EDUCACIÓN REGULAR,"URBANIZACION INGAVI ""B""",CALLE CONDOR S/N,-16.59399986,-68.19403076,,,8.0
343,EL CARMEN,FISCAL,EDUCACIÓN REGULAR,MILLUNI BAJO,MILLUNI BAJO,-16.46069908,-68.2285614,,,14.0
344,HUYUSTUS REPUBLICA DE AUSTRIA,FISCAL,EDUCACIÓN REGULAR,ALTO LIMA- 4TA SECC,AVENIDA PACIFICO Nro 1885,-16.46430016,-68.16721344,,,6.0
345,ELIZARDO PEREZ MAÑANA,FISCAL,EDUCACIÓN REGULAR,BALLIVIAN,CALLE RENE VARGAS Y BORDA S/N,-16.48800087,-68.18958282,,,6.0
346,ELIZARDO PEREZ TARDE,FISCAL,EDUCACIÓN REGULAR,BALLIVIAN,CALLE RENE VARGAS Y BORDA S/N,-16.48800087,-68.18958282,,,6.0
347,SANTA MARIA DE LOS ANGELES MAÑANA,CONVENIO,EDUCACIÓN REGULAR,16 DE JULIO,CALLE TENIENTE J. ARZABE Nº 3190,-16.49480057,-68.17726135,,,6.0
348,SANTA MARIA DE LOS ANGELES TARDE,CONVENIO,EDUCACIÓN REGULAR,16 DE JULIO,CALLE TENIENTE J. ARZABE Nº 3190,-16.49480057,-68.17726135,,,6.0
349,REPUBLICA DE BOLIVIA,FISCAL,EDUCACIÓN REGULAR,JICHUSIRCA GRANDE,KM. 10 EL ALTO HUARINA,-16.48110008,-68.2529068,,,7.0
350,LIBERTAD,PRIVADA,EDUCACIÓN REGULAR,VILLA TUNARI,CALLE Nro 21 Nº 100,-16.5007,-68.20590973,,,4.0
351,ILLIMANI MAÑANA,FISCAL,EDUCACIÓN REGULAR,MERCURIO,CALLE FILIPINAS,-16.46570015,-68.18449402,,,5.0
352,ILLIMANI TARDE,FISCAL,EDUCACIÓN REGULAR,MERCURIO,CALLE FILIPINAS,-16.46570015,-68.18449402,,,5.0
353,ABEL ITURRALDE A,FISCAL,EDUCACIÓN REGULAR,16 DE JULIO,CALLE TENIENTE ARZABE Nro 2815,-16.49749947,-68.17076111,,,6.0
354,ABEL ITURRALDE B,FISCAL,EDUCACIÓN REGULAR,16 DE JULIO,CALLE TENIENTE ARZABE Nro 2815,-16.49749947,-68.17076111,,,6.0
355,JULIAN APAZA,FISCAL,EDUCACIÓN REGULAR,16 DE JULIO,CALLE TENIENTE ARZABE Nro 2815,-16.49749947,-68.17076111,,,6.0
356,JUVENAL MARIACA B,FISCAL,EDUCACIÓN REGULAR,16 DE JULIO,CALLE TENIENTE ARZABE Nro 2815,-16.49749947,-68.17076111,,,6.0
357,JUVENAL MARIACA A,FISCAL,EDUCACIÓN REGULAR,16 DE JULIO,CALLE TENIENTE ARZABE Nro 2815,-16.49749947,-68.17076111,,,6.0
358,LITORAL,FISCAL,EDUCACIÓN REGULAR,INGENIO,VILLA INGENIO DISTRITO Nro 2,-16.46920013,-68.20330048,,,5.0
359,BARTOLINA SISA,FISCAL,EDUCACIÓN REGULAR,INGENIO,VILLA INGENIO DISTRITO Nro 2,-16.46920013,-68.20330048,,,5.0
360,DR. CARLOS MONTENEGRO,FISCAL,EDUCACIÓN REGULAR,SAN JUAN RIO SECO,AV. ÑANCAHUAZU Nro 4025,-16.47970009,-68.19965363,,,5.0
361,THE STRONGEST,FISCAL,EDUCACIÓN REGULAR,SAN JUAN RIO SECO,AV. ÑANCAHUAZU Nro 4025,-16.47970009,-68.19965363,,,5.0
362,3 DE MAYO B,FISCAL,EDUCACIÓN REGULAR,URB. 3 DE MAYO,AV. Mojocoya S/N,-16.54730034,-68.21303558,,,3.0
363,3 DE MAYO A,FISCAL,EDUCACIÓN REGULAR,URB. 3 DE MAYO,AV. Mojocoya S/N,-16.54730034,-68.21303558,,,3.0
364,EL ALTO INTEGRACION,FISCAL,EDUCACIÓN REGULAR,16 DE JULIO,CALLE RENE DORADO Nº 239,-16.50099945,-68.16478729,,,6.0
365,SOLIDARIDAD,FISCAL,EDUCACIÓN REGULAR,URBANIZACION SOLIDARIDAD,CALLE ECUADOR S/N,-16.45389938,-68.16574097,,,5.0
366,CARLOS PALENQUE AVILES,FISCAL,EDUCACIÓN REGULAR,COMPLEMENTO TUNARI,AV. FLORIDA S/N,-16.50219917,-68.2017746,,,4.0
367,ESPAÑA MAÑANA,FISCAL,EDUCACIÓN REGULAR,SENKATA 79,AV. ANCOHUMA ENTRE CONDORIRI S/N,-16.58740044,-68.19018555,,,8.0
368,ESPAÑA TARDE,FISCAL,EDUCACIÓN REGULAR,SENKATA 79,AV. ANCOHUMA ENTRE CONDORIRI S/N,-16.58740044,-68.19018555,,,8.0
369,SAN LUIS DE GONZAGA B,PRIVADA,EDUCACIÓN REGULAR,16 DE JULIO,CALLE TENIENTE QUINTANILLA N° 548,-16.49979973,-68.16670227,,,6.0
370,NUEVA JERUSALEN,PRIVADA,EDUCACIÓN REGULAR,SAN JOSE DE YUNGUYO,AV. CARABOBO ENTRE CALLE PICHINCHA N. 2184,-16.4993,-68.21836853,,,4.0
371,ADVENTISTA SAN JOSE,PRIVADA,EDUCACIÓN REGULAR,SAN JOSE DE YUNGUYO,AV. BOCAYA Nro 2020 RIO SECO,-16.50020027,-68.21886444,,,4.0
372,MARIA DE LOS ANGELES,PRIVADA,EDUCACIÓN REGULAR,SAN MARTIN DE PORRES,C/ JAIME MENDOZA NRO. 1905,-16.56749916,-68.22271729,,,12.0
373,ECOLOGICO 25 DE JULIO B,FISCAL,EDUCACIÓN REGULAR,25 DE JULIO,CALLE CHISI JANKOAMAYA Nro 1034,-16.51040077,-68.21929169,,,4.0
374,SAN JAVIERI,PRIVADA,EDUCACIÓN REGULAR,BALLIVIAN,CALLE J. CHACON Nro 2910,-16.48810005,-68.18019867,,,6.0
375,AUSTRIA,CONVENIO,EDUCACIÓN REGULAR,SAN FELIPE DE SEQUE,PLAZA SIN NOMBRE Y SIN NUMERO,-16.51840019,-68.23482513,,,4.0
376,TAIWAN,FISCAL,EDUCACIÓN REGULAR,VILLA INGENIO DISTRITO 1 UV. 3,CALLE AVELINO SIÑANI ENTRE CARANGAS,-16.47500038,-68.21376801,,,5.0
377,FRANZ TAMAYO DE RIO SECO B,FISCAL,EDUCACIÓN REGULAR,FRANZ TAMAYO,CARRETERA A LAJA,-16.50790024,-68.25363159,,,14.0
378,FRANZ TAMAYO DE RIO SECO A,FISCAL,EDUCACIÓN REGULAR,FRANZ TAMAYO,CARRETERA A LAJA,-16.50790024,-68.25363159,,,14.0
379,TOKIO,FISCAL,EDUCACIÓN REGULAR,GERMAN BUSCH OESTE,AV. SANTA VERA CRUZ ENTRE LA CALLE SAN AGUSTIN,-16.47249985,-68.17868042,,,5.0
380,KARL ALEXANDER,PRIVADA,EDUCACIÓN REGULAR,RIO SECO,CALLE MARTIN LUTERO Nº 3115,-16.48880005,-68.20871735,,,5.0
381,VENEZUELA A,FISCAL,EDUCACIÓN REGULAR,URBANIZACION FRANZ TAMAYO,CARRETERA LAJA PARADA 399,-16.50349998,-68.25315857,,,14.0
382,VENEZUELA B,FISCAL,EDUCACIÓN REGULAR,URBANIZACION FRANZ TAMAYO,CARRETERA LAJA PARADA 399,-16.50349998,-68.25315857,,,14.0
383,MANUEL ASCENCIO PADILLA,FISCAL,EDUCACIÓN REGULAR,JUANA AZURDUY DE PADILLA,JUANA AZURDUY DE PADILLA,-16.50790024,-68.22783661,,,4.0
384,REPUBLICA DE CUBA,FISCAL,EDUCACIÓN REGULAR,INGENIO 2,Av. MAGDALENA ROCHA No 6214 URBANIZACION EL INGENIO DISTRITO 2,-16.47430038,-68.20188904,,,5.0
385,21 DE SEPTIEMBRE SEÑOR DE LAGUNAS,FISCAL,EDUCACIÓN REGULAR,21 DE SEPTIEMBRE,"""21 DE SEPTIEMBRE S / N""",-16.48749924,-68.25743866,,,7.0
386,GUALBERTO VILLARROEL,FISCAL,EDUCACIÓN REGULAR,MARISCAL SUCRE SECTOR C,AV. ALCIDES ARGUEDAS S/N,-16.47459984,-68.22902679,,,14.0
387,TAHUANTINSUYO,FISCAL,EDUCACIÓN REGULAR,TAHUANTINSUYO,AV. KOLLASUYO Nro 3058,-16.48240089,-68.21652222,,,5.0
388,MCAL. ANDRES DE SANTA CRUZ,FISCAL,EDUCACIÓN REGULAR,TAHUANTINSUYO,AV. KOLLASUYO Nro 3058,-16.48240089,-68.21652222,,,5.0
389,VIRGEN DEL SOCAVON,FISCAL,EDUCACIÓN REGULAR,URBANIZACION VIRGEN DEL SOCAVON,CALLE 15 S/N,-16.62266303,-68.19373751,,,8.0
390,LATINOAMERICANO,FISCAL,EDUCACIÓN REGULAR,LOS PINOS,CALLE FERNANDO ESCOBAR S/N,-16.47480011,-68.23399353,,,14.0
391,ARCO IRIS NORTE B,FISCAL,EDUCACIÓN REGULAR,COOPERATIVA SAN ROQUE,CALLE 24 DE JUNIO S/N,-16.46529961,-68.2748642,,,7.0
392,ARCO IRIS NORTE A,FISCAL,EDUCACIÓN REGULAR,COOPERATIVA SAN ROQUE,CALLE 24 DE JUNIO S/N,-16.46529961,-68.2748642,,,7.0
393,BETANIA,PRIVADA,EDUCACIÓN REGULAR,PUERTO MEJILLONES,AV. FRANZ TAMAYO Nº 613,-16.4864006,-68.20467377,,,5.0
394,HUMBERTO PORTOCARRERO MAÑANA,CONVENIO,EDUCACIÓN REGULAR,BAUTISTA SAAVEDRA,AV. DANIEL SALAMANCA S/N,-16.50119972,-68.24564362,,,14.0
395,HUMBERTO PORTOCARRERO TARDE,CONVENIO,EDUCACIÓN REGULAR,BAUTISTA SAAVEDRA,AV. DANIEL SALAMANCA S/N,-16.50119972,-68.24564362,,,14.0
396,KOLLASUYO,FISCAL,EDUCACIÓN REGULAR,BAUTISTA SAAVEDRA UNIDAD VECINAL E,CALLE ESTEBAN ARCE S/N,-16.4871006,-68.23914337,,,14.0
397,SIMON BOLIVAR,FISCAL,EDUCACIÓN REGULAR,URBANO PORVENIR 1,"CALLE ANICETO ARCE, ESQUINA CALLE LOS ANDES S/N",-16.47430038,-68.25193787,,,7.0
398,SANTISIMA TRINIDAD,CONVENIO,EDUCACIÓN REGULAR,GRAN PODER,15 DE AGOSTO,-16.50830078,-68.24438477,,,4.0
399,SAN FELIPE,FISCAL,EDUCACIÓN REGULAR,SAN FELIPE DE SEQUE SECTOR 7,AV. LA PAZ S/N,-16.51589966,-68.24041748,,,4.0
400,CAMINITO HACIA LA VIDA,PRIVADA,EDUCACIÓN REGULAR,RIO SECO,AVENIDA CUZCO Nro 1304,-16.49200058,-68.21172333,,,4.0
401,SAN JOSE DE YUNGUYO B,FISCAL,EDUCACIÓN REGULAR,RIO SECO,CALLE CALLAO Y CALLE APORIMARCA No. 1085,-16.49900055,-68.2260437,,,4.0
402,SAN JOSE DE YUNGUYO A,FISCAL,EDUCACIÓN REGULAR,RIO SECO,CALLE CALLAO Y CALLE APORIMARCA No. 1085,-16.49900055,-68.2260437,,,4.0
403,TUPAC KATARI,FISCAL,EDUCACIÓN REGULAR,ZONA TUPAC KATARI,ENTRE CALLE 4 Y 10,-16.48480034,-68.19834137,,,5.0
404,JOSE LUIS SUAREZ GUZMAN,FISCAL,EDUCACIÓN REGULAR,ZONA TUPAC KATARI,ENTRE CALLE 4 Y 10,-16.48480034,-68.19834137,,,5.0
405,INGAVI TARDE,FISCAL,EDUCACIÓN REGULAR,VILLA INGAVI,CALLE ARAPATA S/N,-16.46910095,-68.1794281,,,5.0
406,INGAVI MAÑANA,FISCAL,EDUCACIÓN REGULAR,VILLA INGAVI,CALLE ARAPATA S/N,-16.46910095,-68.1794281,,,5.0
407,REPUBLICA FEDERAL DE ALEMANIA,FISCAL,EDUCACIÓN REGULAR,MARISCAL SUCRE B,AVENIDA DANIEL CAMPOS S/N,-16.47949982,-68.2310257,,,14.0
408,JUANA AZURDUY DE PADILLA,FISCAL,EDUCACIÓN REGULAR,JUAN AZURDUY DE PADILLA,ENTRE LA AVENIDA KALA JAWIRA Y LA CALLE TACACOMA Nº 1494,-16.50419998,-68.2334671,,,4.0
409,REPUBLICA DEL PERU,FISCAL,EDUCACIÓN REGULAR,URB. EX COOPERATIVA VELEROS MINA CHOJLLA,,-16.49690056,-68.23313141,,,4.0
410,HEROES DE OCTUBRE,FISCAL,EDUCACIÓN REGULAR,URBANIZACION JULIAN APAZA II,CALLE C S/N,-16.46199989,-68.2456665,,,7.0
411,JAIME ESCALANTE GUTIERREZ,FISCAL,EDUCACIÓN REGULAR,URBANIZACION 9 DE ABRIL,CALLE MACHACA S/N,-16.48530006,-68.24970245,,,7.0
412,1RO. DE OCTUBRE,FISCAL,EDUCACIÓN REGULAR,SAN FELIPE DE SEKKE,AV. IMPERIAL Nro 2450,-16.52079964,-68.24124146,,,4.0
413,ADVENTISTA DEL SEPTIMO DIA MOVIMIENTO DE REFORMA,PRIVADA,EDUCACIÓN REGULAR,SAN ROQUE,CAMINO A COPACABANA Nº 50,-16.47520065,-68.27613068,,,7.0
414,JUANCITO PINTO,FISCAL,EDUCACIÓN REGULAR,"URBANIZACION BAUTISTA SAAVEDRA UNIDAD VECINAL ""G""",CALLE COCHARCA,-16.49570084,-68.23438263,,,14.0
415,INTERANDINO BOLIVIANO,PRIVADA,EDUCACIÓN REGULAR,16 DE JULIO,CALLE VICTOR GUTIERREZ Nro 3339,-16.49720001,-68.1815567,,,6.0
416,3 DE MARZO,FISCAL,EDUCACIÓN REGULAR,"SAN ROQUE 16 DE AGOSTO SECTOR ""B""",CALLE AMANECER S/N,-16.48480034,-68.27519989,,,7.0
417,ROTARY CHUQUIAGO MARKA TARDE,FISCAL,EDUCACIÓN REGULAR,SANTA ROSA,CALLE 4 N° 100,-16.53619957,-68.16723633,,,1.0
418,ROTARY CHUQUIAGO MARKA,FISCAL,EDUCACIÓN REGULAR,SANTA ROSA,CALLE 4 N° 100,-16.53619957,-68.16723633,,,1.0
419,VICENTE DONOSO TORRES A,FISCAL,EDUCACIÓN REGULAR,CUIDAD SATELITE,PLAN 561 CALLE 14 S/N,-16.52230072,-68.15019989,,,1.0
420,VICENTE DONOSO TORREZ B,FISCAL,EDUCACIÓN REGULAR,CUIDAD SATELITE,PLAN 561 CALLE 14 S/N,-16.52230072,-68.15019989,,,1.0
421,GUIDO VILLAGOMEZ LOMA,FISCAL,EDUCACIÓN REGULAR,CUIDAD SATELITE,PLAN 561 CALLE 14 S/N,-16.52230072,-68.15019989,,,1.0
422,DON BOSCO,CONVENIO,EDUCACIÓN REGULAR,VILLA REMEDIOS,AVENIDA ALCOCHE S/N,-16.46170044,-68.16940308,,,5.0
423,JOSE MANUEL PANDO TARDE,FISCAL,EDUCACIÓN REGULAR,PANORAMICA I,VENIDA 6 DE MARZO S/N,-16.56620026,-68.18400574,,,2.0
424,JOSE MANUEL PANDO MAÑANA,FISCAL,EDUCACIÓN REGULAR,PANORAMICA I,VENIDA 6 DE MARZO S/N,-16.56620026,-68.18400574,,,2.0
425,SENKATA CONVIFACG TARDE,FISCAL,EDUCACIÓN REGULAR,18 DE MAYO CONVIFACG,AVENIDA ANTONIO VICENTE SEOANE Nº 115,-16.56520081,-68.19328308,,,2.0
426,SENKATA CONVIFACG MAÑANA,FISCAL,EDUCACIÓN REGULAR,18 DE MAYO CONVIFACG,AVENIDA ANTONIO VICENTE SEOANE Nº 115,-16.56520081,-68.19328308,,,2.0
427,HORIZONTES B,FISCAL,EDUCACIÓN REGULAR,URBANIZACION NUEVOS HORIZONTES,CALLE H 3 S/N,-16.54089928,-68.18480682,,,2.0
428,HORIZONTES A,FISCAL,EDUCACIÓN REGULAR,URBANIZACION NUEVOS HORIZONTES,CALLE H 3 S/N,-16.54089928,-68.18480682,,,2.0
429,UNION BOLIVARIANA,FISCAL,EDUCACIÓN REGULAR,ELIZARDO PEREZ,AV. BOLIVIA CALLE JORGE ROUMA S/N,-16.53659587,-68.18592513,,,2.0
430,EDUARDO ABAROA TARDE,FISCAL,EDUCACIÓN REGULAR,VILLA AVAROA,"PLAZA TOPATER, CALLE 107 S/N",-16.52770042,-68.18273926,,,2.0
431,EDUARDO ABAROA MAÑANA,FISCAL,EDUCACIÓN REGULAR,VILLA AVAROA,"PLAZA TOPATER, CALLE 107 S/N",-16.52770042,-68.18273926,,,2.0
432,SHALOM,PRIVADA,EDUCACIÓN REGULAR,VILLA DOLORES,CALLE 12 Nro 88,-16.51609993,-68.15778351,,,1.0
433,6 DE JUNIO C TARDE,FISCAL,EDUCACIÓN REGULAR,6 DE JUNIO,AV. 2 DE AGOSTO 2171 Y ESTRUCTURANTE,-16.55529976,-68.20723724,,,2.0
434,6 DE JUNIO C MAÑANA,FISCAL,EDUCACIÓN REGULAR,6 DE JUNIO,AV. 2 DE AGOSTO 2171 Y ESTRUCTURANTE,-16.55529976,-68.20723724,,,2.0
435,6 DE JUNIO B,FISCAL,EDUCACIÓN REGULAR,VILLA DOLORES,PLAZA JUANA AZURDUY DE PADILLA,-16.5095005,-68.15978241,,,1.0
436,6 DE JUNIO A,FISCAL,EDUCACIÓN REGULAR,VILLA DOLORES,PLAZA JUANA AZURDUY DE PADILLA,-16.5095005,-68.15978241,,,1.0
437,TARAPACA,FISCAL,EDUCACIÓN REGULAR,VILLA DOLORES,PLAZA JUANA AZURDUY DE PADILLA,-16.5095005,-68.15978241,,,1.0
438,EVA PERON,FISCAL,EDUCACIÓN REGULAR,VILLA DOLORES,PLAZA JUANA AZURDUY DE PADILLA,-16.5095005,-68.15978241,,,1.0
439,OSCAR ALFARO A,PRIVADA,EDUCACIÓN REGULAR,NUEVOS HORIZONTES III,PLAZA LIBERTADOR SIMON BOLIVAR,-16.54439926,-68.19194794,,,2.0
440,JUAN CAPRILES MAÑANA,FISCAL,EDUCACIÓN REGULAR,VILLA DOLORES,CALLE 1 Y CONSTANTINO DE MEDINA S/N,-16.50620079,-68.15948486,,,1.0
441,JUAN CAPRILES TARDE,FISCAL,EDUCACIÓN REGULAR,VILLA DOLORES,CALLE 1 Y CONSTANTINO DE MEDINA S/N,-16.50620079,-68.15948486,,,1.0
442,UNION EUROPEA B,FISCAL,EDUCACIÓN REGULAR,SANTIAGO II,ENTRE CALLES 5 Y 6 S/N,-16.54039955,-68.17948914,,,2.0
443,UNION EUROPEA A,FISCAL,EDUCACIÓN REGULAR,SANTIAGO II,ENTRE CALLES 5 Y 6 S/N,-16.54039955,-68.17948914,,,2.0
444,LIBERTAD EN LAS AMERICAS MAÑANA,FISCAL,EDUCACIÓN REGULAR,URBANIZACION VILLA EXALTACION 2DA Y 3RA SECCION,AV. 6 DE JUNIO Nro 26,-16.53397101,-68.15672648,,,1.0
445,LIBERTAD EN LAS AMERICAS TARDE,CONVENIO,EDUCACIÓN REGULAR,URBANIZACION VILLA EXALTACION 2DA Y 3RA SECCION,AV. 6 DE JUNIO Nro 26,-16.53397101,-68.15672648,,,1.0
446,TEJADA TRIANGULAR,FISCAL,EDUCACIÓN REGULAR,TEJADA TRIANGULAR,CALLE 10 S/N,-16.52429962,-68.15997314,,,1.0
447,REPUBLICA DE FRANCIA TARDE,FISCAL,EDUCACIÓN REGULAR,URBANIZACION CUPILUPACA,CALLE RIO BERMEJO Nro.2034,-16.54957489,-68.19585294,,,2.0
448,REPUBLICA DE FRANCIA,FISCAL,EDUCACIÓN REGULAR,URBANIZACION CUPILUPACA,CALLE RIO BERMEJO Nro.2034,-16.54957489,-68.19585294,,,2.0
449,JUAN PABLO II B,FISCAL,EDUCACIÓN REGULAR,COSMOS 79 VECINAL,CALLE WARA WARANI No. 2104,-16.53219986,-68.23179626,,,3.0
450,JUAN PABLO II A,FISCAL,EDUCACIÓN REGULAR,COSMOS 79 VECINAL,CALLE WARA WARANI No. 2104,-16.53219986,-68.23179626,,,3.0
451,AYACUCHO TARDE,FISCAL,EDUCACIÓN REGULAR,SAN LUIS II DE CHARAPAQUI,AV. LITORAL S/N SAN LUIS II CHARAPAQUI,-16.53228067,-68.20946276,,,3.0
452,AYACUCHO MAÑANA,FISCAL,EDUCACIÓN REGULAR,SAN LUIS II DE CHARAPAQUI,AV. LITORAL S/N SAN LUIS II CHARAPAQUI,-16.53228067,-68.20946276,,,3.0
453,GRAL. JUAN JOSE TORREZ GONZALES,FISCAL,EDUCACIÓN REGULAR,URBANIZACIÓN ILLAMPU,AV. LA PAZ S/N,-16.53919437,-68.21261912,,,3.0
454,MARTIN CARDENAS HERMOSA A,FISCAL,EDUCACIÓN REGULAR,URBANIZACION VILLA ADELA,PLAN 88 S/N,-16.52280045,-68.20914459,,,3.0
455,MARTIN CARDENAS HERMOSA B,FISCAL,EDUCACIÓN REGULAR,URBANIZACION VILLA ADELA,PLAN 88 S/N,-16.52280045,-68.20914459,,,3.0
456,MARTIN CARDENAS HERMOSA C,FISCAL,EDUCACIÓN REGULAR,URBANIZACION VILLA ADELA,PLAN 88 S/N,-16.52280045,-68.20914459,,,3.0
457,MARTIN CARDENAS HERMOSA D,FISCAL,EDUCACIÓN REGULAR,URBANIZACION VILLA ADELA,PLAN 88 S/N,-16.52280045,-68.20914459,,,3.0
458,CALAMA TARDE,FISCAL,EDUCACIÓN REGULAR,URBANIZACION VILLA CALUYO,PLAZA BOLIVIA S/N,-16.53129959,-68.19275665,,,3.0
459,CALAMA MAÑANA,FISCAL,EDUCACIÓN REGULAR,URBANIZACION VILLA CALUYO,PLAZA BOLIVIA S/N,-16.53129959,-68.19275665,,,3.0
460,LUIS ESPINAL DE COLLPANI,CONVENIO,EDUCACIÓN REGULAR,COSMOS 79,CALLE 9 CIVINCA S/N COSMOS 79 COLLPANI,-16.52339935,-68.22366333,,,3.0
461,LUIS ESPINAL TARDE DE COLLPANI,CONVENIO,EDUCACIÓN REGULAR,COSMOS 79,CALLE 9 CIVINCA S/N COSMOS 79 COLLPANI,-16.52339935,-68.22366333,,,3.0
462,LUIS ESPINAL CAMPS AEROPUERTO TARDE,FISCAL,EDUCACIÓN REGULAR,URBANIZACION LUIS ESPINAL CAMPS,AVENIDA PUNATA N°1740,-16.51759088,-68.19792175,,,3.0
463,LUIS ESPINAL CAMPS AEROPUERTO MAÑANA,FISCAL,EDUCACIÓN REGULAR,URBANIZACION LUIS ESPINAL CAMPS,AVENIDA PUNATA N°1740,-16.51759088,-68.19792175,,,3.0
464,GRAN PODER A,FISCAL,EDUCACIÓN REGULAR,URB. JESUS DE GRAN PODER,CALLE 8 S/N,-16.55870056,-68.19391632,,,2.0
465,GRAN PODER B,FISCAL,EDUCACIÓN REGULAR,URB. JESUS DE GRAN PODER,CALLE 8 S/N,-16.55870056,-68.19391632,,,2.0
466,ALTO DE LA ALIANZA MAÑANA,FISCAL,EDUCACIÓN REGULAR,ALTO DE LA ALIANZA,AVENIDA PANAMERICANA No 996 entre PLAZA 26 DE MAYO,-16.52219963,-68.18916321,,,3.0
467,ALTO DE LA ALIANZA TARDE,FISCAL,EDUCACIÓN REGULAR,ALTO DE LA ALIANZA,AVENIDA PANAMERICANA No 996 entre PLAZA 26 DE MAYO,-16.52219963,-68.18916321,,,3.0
468,TCNL. RAFAEL PABON,FISCAL,EDUCACIÓN REGULAR,VILLA DOLORES F,PLAZA 21 DE DICIEMBRE CALLE A - B S/N,-16.52659988,-68.18767548,,,3.0
469,CARLOS PALENQUE AVILES DOLORES F,FISCAL,EDUCACIÓN REGULAR,VILLA DOLORES F,PLAZA 21 DE DICIEMBRE CALLE A - B S/N,-16.52659988,-68.18767548,,,3.0
470,REPUBLICA DE CUBA,FISCAL,EDUCACIÓN REGULAR,VILLA PACAJES,CALLE 5 Nro 104,-16.52840042,-68.1872406,,,3.0
471,REPUBLICA DE CUBA PACAJES,FISCAL,EDUCACIÓN REGULAR,VILLA PACAJES,CALLE 5 Nro 104,-16.52840042,-68.1872406,,,3.0
472,ADELA ZAMUDIO B,FISCAL,EDUCACIÓN REGULAR,URBANIZACION ILLIMANI,AV. DAVID CRESPO CASTILLO Nro 1050,-16.52729988,-68.19297028,,,3.0
473,ADELA ZAMUDIO A,FISCAL,EDUCACIÓN REGULAR,URBANIZACION ILLIMANI,AV. DAVID CRESPO CASTILLO Nro 1050,-16.52729988,-68.19297028,,,3.0
474,SAN LUIS MAÑANA,FISCAL,EDUCACIÓN REGULAR,SAN LUIS PAMPA,AVENIDA LITORAL Nro 7,-16.54089928,-68.20098114,,,3.0
475,SAN LUIS TARDE,FISCAL,EDUCACIÓN REGULAR,SAN LUIS PAMPA,AVENIDA LITORAL Nro 7,-16.54089928,-68.20098114,,,3.0
476,VILLA ALEMANIA,CONVENIO,EDUCACIÓN REGULAR,VILLA ALEMANIA,"VILLA ALEMANIA ENTRE CALLES FRANCISCO DE TOLEDO, LUIS DE VELASCO, TOMAS CATARI Y PEDRO NOLASCO",-16.51689911,-68.20695496,,,3.0
477,SEBASTIÁN OBERMAIER,FISCAL,EDUCACIÓN REGULAR,URBANIZACION CENTRO UNION ACHIRI,AVENIDA ABEL ITURRALDE,-16.52059937,-68.19502258,,,3.0
478,AMIG CHACO,FISCAL,EDUCACIÓN REGULAR,URB. AMIG CHACO,CALLE 3 S/N,-16.52409935,-68.20389557,,,3.0
479,COSMOS 79 TARDE,FISCAL,EDUCACIÓN REGULAR,COSMOS 79,CALLE VILUYO ESQUINA PICHUMA,-16.53140068,-68.21704102,,,3.0
480,COSMOS 79 MAÑANA,FISCAL,EDUCACIÓN REGULAR,COSMOS 79,CALLE VILUYO ESQUINA PICHUMA,-16.53140068,-68.21704102,,,3.0
481,HOLANDA TARDE,FISCAL,EDUCACIÓN REGULAR,MURURATA,CALLE GREGORIO PACHECO Nº 1274,-16.54369926,-68.2137146,,,3.0
482,HOLANDA MAÑANA,FISCAL,EDUCACIÓN REGULAR,MURURATA,CALLE GREGORIO PACHECO Nº 1274,-16.54369926,-68.2137146,,,3.0
483,SAN PEDRO DE CHARAPAQUI,FISCAL,EDUCACIÓN REGULAR,SAN PEDRO,PLAZA 29 DE JUNIO S/N,-16.51790047,-68.18502045,,,3.0
484,REPUBLICA DE IRAN,FISCAL,EDUCACIÓN REGULAR,AV. CHIPANA Nº 1394,AV. CHIPANA No 1394,-16.4720993,-68.21082306,,,5.0
485,JESUS OBRERO VILLA ESTHER,CONVENIO,EDUCACIÓN REGULAR,URBANIZACION VILLA ESTHER,CIRCULACION PEATONAL SIN NOMBRE S/N,-16.53108231,-68.20365986,,,3.0
486,JESUS OBRERO TARDE,CONVENIO,EDUCACIÓN REGULAR,URBANIZACION VILLA ESTHER,CIRCULACION PEATONAL SIN NOMBRE S/N,-16.53108231,-68.20365986,,,3.0
487,1RO. DE MAYO MAÑANA,FISCAL,EDUCACIÓN REGULAR,1RO. DE MAYO,PLAZA 1RO. DE MAYO,-16.5366993,-68.20008087,,,3.0
488,1RO. DE MAYO TARDE,FISCAL,EDUCACIÓN REGULAR,1RO. DE MAYO,PLAZA 1RO. DE MAYO,-16.5366993,-68.20008087,,,3.0
489,MARCELO QUIROGA SANTA CRUZ MAÑANA,FISCAL,EDUCACIÓN REGULAR,VILLA BOLIVAR C,AV. AMERICA Nro 20,-16.51910019,-68.17805481,,,3.0
490,MARCELO QUIROGA SANTA CRUZ TARDE,FISCAL,EDUCACIÓN REGULAR,VILLA BOLIVAR C,AV. AMERICA Nro 20,-16.51910019,-68.17805481,,,3.0
491,JESUS DE NAZARETH,PRIVADA,EDUCACIÓN REGULAR,VILLA ADELA,AV. DE CIRCUNVALACION Nro 1000,-16.52449989,-68.21294403,,,3.0
492,PEKIN,FISCAL,EDUCACIÓN REGULAR,"URBANIZACION ALTO CHIJINI U.V . ""D""",AV. BUENOS AIRES Nº 1950,-16.56150055,-68.21778107,,,12.0
493,VILLA SAJAMA A,FISCAL,EDUCACIÓN REGULAR,VILLA SAJAMA,PLAZA VILLA SAJAMA,-16.54859924,-68.21603394,,,3.0
494,VILLA SAJAMA B,FISCAL,EDUCACIÓN REGULAR,VILLA SAJAMA,PLAZA VILLA SAJAMA,-16.54859924,-68.21603394,,,3.0
495,FERNANDO BRAVO FE Y ALEGRIA,CONVENIO,EDUCACIÓN REGULAR,COSMOS 79,CALLE PUNATA Nro 2155,-16.53989983,-68.23406982,,,3.0
496,PRIMAVERA A,FISCAL,EDUCACIÓN REGULAR,VILLA PRIMAVERA,AV. SAN BUENAVENTURA Nº 1045,-16.53720093,-68.19468689,,,3.0
497,PRIMAVERA B,FISCAL,EDUCACIÓN REGULAR,VILLA PRIMAVERA,AV. SAN BUENAVENTURA Nº 1045,-16.53720093,-68.19468689,,,3.0
498,SAN SEBASTIAN B,FISCAL,EDUCACIÓN REGULAR,URBANZIACION SAN SEBASTIAN SECTOR 2,AVENIDA 12 DE ENERO S/N,-16.59900093,-68.19333649,,,8.0
499,GUALBERTO VILLARROEL A,FISCAL,EDUCACIÓN REGULAR,ALTO LIMA 3ERA. SECCION,AV. SUCRE S/N,-16.48159981,-68.18643188,,,6.0
500,LA PRIMERA,CONVENIO,EDUCACIÓN REGULAR,MUTUAL LA PRIMERA,CALLE RAMON ROJAS Nro 4115,-16.51959991,-68.18196869,,,3.0
501,RAYITOS DE CIELO,PRIVADA,EDUCACIÓN REGULAR,URBANIZACION TEJADA ALPACOMA,AVENIDA FRAY DIEGO DE OCAñA Nº 200,-16.53149986,-68.14907074,,,1.0
502,7 DE SEPTIEMBRE,FISCAL,EDUCACIÓN REGULAR,URBANIZACION 7 DE SEPTIEMBRE,CALLE 10 DE DICIEMBRE FRENTE A LA CASCADA Nº 5872,-16.54660034,-68.20361328,,,3.0
503,LAS DELICIAS A,FISCAL,EDUCACIÓN REGULAR,LAS DELICIAS,CALLE LOS PINOS,-16.55369949,-68.19758606,,,2.0
504,LAS DELICIAS B,FISCAL,EDUCACIÓN REGULAR,LAS DELICIAS,CALLE LOS PINOS,-16.55369949,-68.19758606,,,2.0
505,6 DE JUNIO DE COSMOS 79,FISCAL,EDUCACIÓN REGULAR,UNIDAD VECINAL F,CALLE COLTECA ENTRE PANKAÑA,-16.53490067,-68.22369385,,,3.0
506,ADOLFO KOLPING,PRIVADA,EDUCACIÓN REGULAR,VILLA DOLORES,CALLE 5 N. 50 URBANIZACION VILLA DOLORES,-16.50900078,-68.15784454,,,1.0
507,ILLIMANI MAÑANA,FISCAL,EDUCACIÓN REGULAR,ROMERO PAMPA,CALLE BOLDO Nro 2075,-16.54339981,-68.20869446,,,3.0
508,ILLIMANI TARDE,FISCAL,EDUCACIÓN REGULAR,ROMERO PAMPA,CALLE BOLDO Nro 2075,-16.54339981,-68.20869446,,,3.0
509,CRISTAL A,FISCAL,EDUCACIÓN REGULAR,URBANIZACION CRISTAL,CALLE CIPRECES S/N,-16.59449959,-68.20266724,,,8.0
510,CRISTAL B,FISCAL,EDUCACIÓN REGULAR,URBANIZACION CRISTAL,CALLE CIPRECES S/N,-16.59449959,-68.20266724,,,8.0
511,FERNANDO NOGALES CASTRO FE Y ALEGRIA,CONVENIO,EDUCACIÓN REGULAR,URBANIZACION MERCEDARIO FONVIS,CALLE SANTIAGO VACA GUZMAN S/N,-16.5258007,-68.23365784,,,4.0
512,16 DE NOVIEMBRE - A,FISCAL,EDUCACIÓN REGULAR,SENKATA,CALLE JULIO DE LA VEGA S/N,-16.58309937,-68.19288635,,,8.0
513,16 DE NOVIEMBRE - B,FISCAL,EDUCACIÓN REGULAR,SENKATA,CALLE JULIO DE LA VEGA S/N,-16.58309937,-68.19288635,,,8.0
514,BAUTISTA SAAVEDRA,FISCAL,EDUCACIÓN REGULAR,BAUTISTA SAAVEDRA,AV. BAUSTISTA SAAVEDRA S/N KM. 7 CARRETERA A HUARI,-16.48600006,-68.23358154,,,14.0
515,REPUBLICA DE ITALIA,FISCAL,EDUCACIÓN REGULAR,SENKATA ANTOFAGASTA,URBANIZACION ANTOFAGASTA AVENIDA INCAHUASI Nº 3364,-16.58989906,-68.18737793,,,8.0
516,CUERPO DE CRISTO FE Y ALEGRIA A,CONVENIO,EDUCACIÓN REGULAR,2 DE FEBRERO,CALLE FELIPE II GUZMAN S/N,-16.52120018,-68.21744537,,,3.0
517,CUERPO DE CRISTO FE Y ALEGRIA B,CONVENIO,EDUCACIÓN REGULAR,2 DE FEBRERO,CALLE FELIPE II GUZMAN S/N,-16.52120018,-68.21744537,,,3.0
518,SAN VICENTE DE PAUL FE Y ALEGRIA,CONVENIO,EDUCACIÓN REGULAR,PEDRO DOMINGO MURILLO,CALLE BARTOLOME ANDRADE S/N,-16.50550079,-68.20645142,,,4.0
519,SAN VICENTE DE PAUL,CONVENIO,EDUCACIÓN REGULAR,PEDRO DOMINGO MURILLO,CALLE BARTOLOME ANDRADE S/N,-16.50550079,-68.20645142,,,4.0
520,DIONICIO MORALES CHOQUE,FISCAL,EDUCACIÓN REGULAR,URBANIZACION LAS RETAMAS JUNTHUMA,CALLE AROMA S/N,-16.61050034,-68.18054962,,,8.0
521,LUZ A LAS NACIONES,PRIVADA,EDUCACIÓN REGULAR,12 DE OCTUBRE,AV. 6 DE MARZO Nº 250 (MEDIA CUADRA CRUCE VIACHA),-16.51790047,-68.16712189,,,1.0
522,TUPAC AMARU B,FISCAL,EDUCACIÓN REGULAR,URBANIZACIÓN CUMARAVI,CALLE MANUEL MAMANI S/N,-16.57290077,-68.20202637,,,8.0
523,TUPAC AMARU A,FISCAL,EDUCACIÓN REGULAR,URBANIZACIÓN CUMARAVI,CALLE MANUEL MAMANI S/N,-16.57290077,-68.20202637,,,8.0
524,TARAPACA JUNTHUMA A,FISCAL,EDUCACIÓN REGULAR,URBANIZACION TARAPACA JUNTUHUMA,AV. VIRGEN DE LA CRUZ S/N,-16.61070061,-68.18888855,,,8.0
525,TARAPACA JUNTHUMA B,FISCAL,EDUCACIÓN REGULAR,URBANIZACION TARAPACA JUNTUHUMA,AV. VIRGEN DE LA CRUZ S/N,-16.61070061,-68.18888855,,,8.0
526,SIMON BOLIVAR B,FISCAL,EDUCACIÓN REGULAR,MERCEDES ANEXO,CALLE TOMAS FRIAS SIN NUMERO,-16.56410027,-68.20639038,,,8.0
527,SIMON BOLIVAR A,FISCAL,EDUCACIÓN REGULAR,MERCEDES ANEXO,CALLE TOMAS FRIAS SIN NUMERO,-16.56410027,-68.20639038,,,8.0
528,VILLA IMPERIAL,FISCAL,EDUCACIÓN REGULAR,URBANIZACION VILLA IMPERIAL,AVENIDA AVELINO SIÑANI,-16.59970093,-68.19920349,,,8.0
529,DEL SUR,PRIVADA,EDUCACIÓN REGULAR,TEJADA ALPACOMA,CALLE L Nro 13,-16.5345993,-68.15079498,,,1.0
530,TARAPACA 7 DE OCTUBRE A,FISCAL,EDUCACIÓN REGULAR,TARAPACA SECTOR B,CALLE LA TEMPESTAD S/N,-16.60650063,-68.19132233,,,8.0
531,TARAPACA 7 DE OCTUBRE B,FISCAL,EDUCACIÓN REGULAR,TARAPACA SECTOR B,CALLE LA TEMPESTAD S/N,-16.60650063,-68.19132233,,,8.0
532,NATIVIDAD B,FISCAL,EDUCACIÓN REGULAR,URBANIZACION NATIVIDAD,AVENIDA YOTALA S/N,-16.53989983,-68.21961212,,,3.0
533,NATIVIDAD A,FISCAL,EDUCACIÓN REGULAR,URBANIZACION NATIVIDAD,AVENIDA YOTALA S/N,-16.53989983,-68.21961212,,,3.0
534,SIMON BOLIVAR SUR,FISCAL,EDUCACIÓN REGULAR,SAN SIMON DE PAMPA GRANDE,CALLE PANORAMICA S/N,-16.62809944,-68.1861496,,,8.0
535,SAN SILVESTRE,FISCAL,EDUCACIÓN REGULAR,SAN SILVESTRE,CALLE LOAYZA S/N,-16.6026001,-68.18752289,,,8.0
536,LAS ROSAS,FISCAL,EDUCACIÓN REGULAR,URBANIZACION LAS ROSAS,AV. GUERRA DEL CHACO S/N,-16.54050064,-68.22476196,,,3.0
537,VENTILLA I A,FISCAL,EDUCACIÓN REGULAR,URBANIZACION VENTILLA I,AV. ALONZO DE MENDOZA S/N,-16.61450005,-68.1680069,,,8.0
538,VENTILLA I B,FISCAL,EDUCACIÓN REGULAR,URBANIZACION VENTILLA I,AV. ALONZO DE MENDOZA S/N,-16.61450005,-68.1680069,,,8.0
539,REPUBLICA DEL JAPON B,FISCAL,EDUCACIÓN REGULAR,VILLA MERCEDES UNIDA VECINAL A,AVENIDA MARCELO QUIROGA SANTA CRUZ S/N,-16.55809975,-68.20670319,,,8.0
540,REPUBLICA DEL JAPON A,FISCAL,EDUCACIÓN REGULAR,VILLA MERCEDES UNIDA VECINAL A,AVENIDA MARCELO QUIROGA SANTA CRUZ S/N,-16.55809975,-68.20670319,,,8.0
541,MARCELINA,FISCAL,EDUCACIÓN REGULAR,VILLA MARCELINA,AV. CESAR ACHABAL CARDENAS S/N,-16.53490067,-68.21522522,,,3.0
542,RETAMA A,FISCAL,EDUCACIÓN REGULAR,URBANIZACION LAS RETAMAS I,CALLE 12 S/N,-16.56480026,-68.23686218,,,12.0
543,RETAMA B,FISCAL,EDUCACIÓN REGULAR,URBANIZACION LAS RETAMAS I,CALLE 12 S/N,-16.56480026,-68.23686218,,,12.0
544,JESUS DE BELEN,FISCAL,EDUCACIÓN REGULAR,25 DE DICIEMBRE,AV. 23 DE JULIO S/N,-16.5196991,-68.22088623,,,3.0
545,LUZ Y AMOR,PRIVADA,EDUCACIÓN REGULAR,12 DE OCTUBRE,AV. FRANCO VALLE Nº 55 ESQ. CALLE 3,-16.50799942,-68.1622467,,,1.0
546,VILLA ADELA YUNGUYO,FISCAL,EDUCACIÓN REGULAR,URBANIZACION YUNGUYO MOJON VILLA ADELA COLLPANI,AV. PUERTO ACOSTA Nº 1454,-16.51659966,-68.2167511,,,3.0
547,HNA. MARIA TERESA LAJUSTICIA,CONVENIO,EDUCACIÓN REGULAR,"URBANIZACION COSMOS 79 U.V. ""E""",CALLE SACACONI CHICO S/N,-16.53050041,-68.2256546,,,3.0
548,MANUEL RIGOBERTO PAREDES,FISCAL,EDUCACIÓN REGULAR,URBANIZACION MANUEL RIGOBERTO PAREDES,AVENIDA 27 DE AGOSTO S/N,-16.46697719,-68.21107769,,,14.0
549,VILLA EL CARMEN TARDE,FISCAL,EDUCACIÓN REGULAR,VILLA EL CARMEN,CALLE ATOCHA BARRIO 5 S/N,-16.53300095,-68.18079376,,,2.0
550,VILLA EL CARMEN MAÑANA,FISCAL,EDUCACIÓN REGULAR,VILLA EL CARMEN,CALLE ATOCHA BARRIO 5 S/N,-16.53300095,-68.18079376,,,2.0
551,ASCINALSS,FISCAL,EDUCACIÓN REGULAR,ASCINALSS,AV. FUERZA AEREA Nro 1417,-16.56809998,-68.19837952,,,2.0
552,REPUBLICA DE CANADA,FISCAL,EDUCACIÓN REGULAR,ALTO CHIJINI,AV. ORURO Nº 220,-16.55480003,-68.22244263,,,12.0
553,CORAZON DE SUD AMERICA,FISCAL,EDUCACIÓN REGULAR,"URBANIZACION BAUTISTA SAAVEDRA U.V. ""C""",CALLE CIRCUNVALACION S/N,-16.48500061,-68.2447052,,,14.0
554,BOLIVIANO ALEMAN 16 DE FEBRERO,FISCAL,EDUCACIÓN REGULAR,VILLA ADELA ALEMANIA,CALLE ANTONIO MENDOZA Nº 3485,-16.52210736,-68.20041239,,,3.0
555,SAN ANDRES,FISCAL,EDUCACIÓN REGULAR,VILLA EXALTACION,CALLE LA RAZON S/N,-16.53899956,-68.15856171,,,1.0
556,BOLIVIANO ALEMAN BICHITO DE LUZ,FISCAL,EDUCACIÓN REGULAR,VILLA ALEMANIA,CALLE ANTONIO DE MENDOZA Nº 2004,-16.52169991,-68.19992828,,,3.0
557,REPUBLICA BOLIVARIANA DE VENEZUELA,FISCAL,EDUCACIÓN REGULAR,SAN FELIPE DE SEQUE SECTOR 6,AV SEBASTIAN AGREDA S/N,-16.51510048,-68.25093079,,,4.0
558,ERNESTO CHE GUEVARA,FISCAL,EDUCACIÓN REGULAR,"URBANIZACION SAN ROQUE 16 DE AGOSTO SECTOR ""D""",AV. JOSE ADOLFO SALAS S/N,-16.48060036,-68.27802277,,,7.0
559,DIONICIO MORALES,FISCAL,EDUCACIÓN REGULAR,"URBANIZACION BAUTISTA SAAVEDRA U.V. ""H""",AV. CARLOS PALENQUE S/N,-16.49665545,-68.23957419,,,14.0
560,LIBERTAD FRANZ TAMAYO B,FISCAL,EDUCACIÓN REGULAR,"URBANIZACION FRANZ TAMAYO SECTOR ""C""",CALLE BLAS TEJADA S/N,-16.50136881,-68.26186067,,,14.0
561,LIBERTAD FRANZ TAMAYO A,FISCAL,EDUCACIÓN REGULAR,"URBANIZACION FRANZ TAMAYO SECTOR ""C""",CALLE BLAS TEJADA S/N,-16.50136881,-68.26186067,,,14.0
562,HERNAN SILES SUAZO,FISCAL,EDUCACIÓN REGULAR,URBANIZACION RIO SECO SECTOR LIBERTAD,CALLE NESTOR PAZ S/N,-16.51440048,-68.22283173,,,4.0
563,NUEVO AMANECER BOLIVIANO,FISCAL,EDUCACIÓN REGULAR,URBANIZACION NUEVO AMANECER,CALLE 13 DE MARZO S/N,-16.47909927,-68.24542999,,,7.0
564,MERCEDARIO,FISCAL,EDUCACIÓN REGULAR,URBANIZACION MERCEDARIO SECTOR 1,AV. PEDRO DOMINGO MURILLO,-16.51670074,-68.22642517,,,4.0
565,REPUBLICA COREA DEL NORTE,FISCAL,EDUCACIÓN REGULAR,URBANIZACION VILLANDRANI,CALLE 26 DE ENERO ESQUINA 21 DE SEPTIEMBRE,-16.48579979,-68.28816223,,,7.0
566,EL PARAISO B,CONVENIO,EDUCACIÓN REGULAR,URBANIZACION EL PARAISO,CALLE MARIANO BAUTISTA S/N,-16.52459908,-68.21503448,,,3.0
567,EL PARAISO A,CONVENIO,EDUCACIÓN REGULAR,URBANIZACION EL PARAISO,CALLE MARIANO BAUTISTA S/N,-16.52459908,-68.21503448,,,3.0
568,COMANDANTE HUGO RAFAEL CHAVEZ FRIAS,FISCAL,EDUCACIÓN REGULAR,6 DE MARZO,AVENIDA PANAMA S/N,-16.49150085,-68.27015686,,,7.0
569,PUERTO DE MEJILLONES,PRIVADA,EDUCACIÓN REGULAR,16 DE JULIO,CALLE PASCOE Nro 2971,-16.49740028,-68.17321014,,,6.0
570,ADVENTISTA HARRY PITTMAN,PRIVADA,EDUCACIÓN REGULAR,VILLA BALLIVIAN,BALLIVIAN CALLE JOSE CHACON Nº 250,-16.48970032,-68.17481995,,,6.0
571,SANTA ROSA DE LIMA,FISCAL,EDUCACIÓN REGULAR,SANTA ROSA DE LIMA,CALLE EUGENIO DIAZ Y VICENTE CAMACHO,-16.45569992,-68.16773224,,,5.0
572,BETHEL,PRIVADA,EDUCACIÓN REGULAR,,CALLE ABEL ITURRALDE Nro 50 ZONA VILLA TUNARI,-16.4951992,-68.19822693,,,4.0
573,SANTA BARBARA,PRIVADA,EDUCACIÓN REGULAR,RIO SECO,CALLE GUAPORE Nª 408,-16.49239922,-68.21144104,,,4.0
574,EBEN - EZER,PRIVADA,EDUCACIÓN REGULAR,VILLA TUNARI,CALLE 7 Nro 120,-16.49699974,-68.192276,,,4.0
575,F.A.B. TCNL. RAFAEL PABON CUEVAS,PRIVADA,EDUCACIÓN REGULAR,FERROPETROL,CALLE MARIA AUXILIADORA S/N,-16.50309944,-68.17134857,,,6.0
576,TCNL. AV. RAFAEL PABON CUEVAS III,CONVENIO,EDUCACIÓN REGULAR,FERROPETROL,CALLE MARIA AUXILIADORA S/N,-16.50309944,-68.17134857,,,6.0
577,SAGRADO CORAZON DE JESUS,PRIVADA,EDUCACIÓN REGULAR,ZONA 16 DE JULIO,CALLE MONTAÑO Nro 474,-16.49959946,-68.16868591,,,6.0
578,EMMANUEL,PRIVADA,EDUCACIÓN REGULAR,BALLIVIAN,CALLE NERY Nro 3465,-16.49169922,-68.18183136,,,6.0
579,PRINCIPE DE LUZ,PRIVADA,EDUCACIÓN REGULAR,VILLA BOLIVAR MUNICIPAL,AVENIDA BOLIVIA CALLE 2 Nro 248,-16.53619957,-68.19064331,,,2.0
580,BRASIL MAÑANA,FISCAL,EDUCACIÓN REGULAR,URBANIZACION NUCLEO BRASIL RIO SECO,AVENIDA LAJA Y AVENIDA CUZCO S/N,-16.49109517,-68.20967394,,,4.0
581,BRASIL TARDE,FISCAL,EDUCACIÓN REGULAR,URBANIZACION NUCLEO BRASIL RIO SECO,AVENIDA LAJA Y AVENIDA CUZCO S/N,-16.49109517,-68.20967394,,,4.0
582,NORUEGA TARDE,FISCAL,EDUCACIÓN REGULAR,HUAYNA POTOSI,CALLE LLICA Nro. 100,-16.48259926,-68.19395447,,,5.0
583,NORUEGA MAÑANA,FISCAL,EDUCACIÓN REGULAR,HUAYNA POTOSI,CALLE LLICA Nro. 100,-16.48259926,-68.19395447,,,5.0
584,UNION EUROPEA B,FISCAL,EDUCACIÓN REGULAR,HUAYNA POTOSI SEGUNDA SECCION,CALLE CHOCAYA Nº5,-16.47789955,-68.19249725,,,5.0
585,UNION EUROPEA A,FISCAL,EDUCACIÓN REGULAR,HUAYNA POTOSI SEGUNDA SECCION,CALLE CHOCAYA Nº5,-16.47789955,-68.19249725,,,5.0
586,SAN MARCOS,CONVENIO,EDUCACIÓN REGULAR,ALTO LIMA,AVENIDA CHACALTAYA SIN NUMERO,-16.47559929,-68.16779327,,,6.0
587,JOHN DALTON,PRIVADA,EDUCACIÓN REGULAR,COSMOS 78,CALLE 17 Nro 109,-16.52779961,-68.1990509,,,3.0
588,MUTUAL LA PAZ,PRIVADA,EDUCACIÓN REGULAR,EL KENKO,CALLE 12 Nro 50,-16.55763401,-68.19093855,,,2.0
589,VALLE HERMOSO,FISCAL,EDUCACIÓN REGULAR,VALLE HERMOSO 1,"CALLE AGUA CLARA, PINOS , LIMA Y GIRASOL",-16.45749843,-68.23490627,,,7.0
590,HUGO CHÁVEZ FRÍAS,FISCAL,EDUCACIÓN REGULAR,"MERCEDARIO SECTOR 4, URBANIZACIÓN HUGO CHAVÉZ FRÍAS (PVS)",PLAZA ELIANA ALCOREZA (PARADA 519),-16.52506338,-68.24166636,,,4.0
591,VIRGEN DE COPACABANA,FISCAL,EDUCACIÓN REGULAR,virgen de copacabana,"EL ALTO, DISTRITO 14, AV. SIMÓN BOLÍVAR, CALLE: EDUARDO AVAR",-16.47018845,-68.22835994,,,14.0
592,REINO DE NORUEGA B,FISCAL,EDUCACIÓN REGULAR,PUCHUCOLLO ALTO,PUCHUCOLLO ALTO,-16.5340004,-68.25159454,,,
